row,column,cor,p,Samples
IA2,IA29,1,0,Asymptomatic
IA1,IA5,0.998250217,1.29E-13,Asymptomatic
IA2,IA3,0.996497362,4.13E-12,Asymptomatic
IA3,IA29,0.996497362,4.13E-12,Asymptomatic
IA27,IA40,0.994741418,3.14E-11,Asymptomatic
IA21,IA45,0.994741418,3.14E-11,Asymptomatic
IA30,IA45,0.994741418,3.14E-11,Asymptomatic
IA4,IA35,0.994736842,3.15E-11,Asymptomatic
C1,IA2,0.993006993,1.30E-10,Asymptomatic
C5,IA2,0.993006993,1.30E-10,Asymptomatic
C1,IA29,0.993006993,1.30E-10,Asymptomatic
C5,IA29,0.993006993,1.30E-10,Asymptomatic
IA3,IA35,0.992971657,1.33E-10,Asymptomatic
IA2,IA5,0.991244953,3.99E-10,Asymptomatic
IA5,IA29,0.991244953,3.99E-10,Asymptomatic
IA2,IA35,0.991244953,3.99E-10,Asymptomatic
IA29,IA35,0.991244953,3.99E-10,Asymptomatic
C1,IA3,0.989479775,9.97E-10,Asymptomatic
IA20,IA27,0.98774232,2.14E-09,Asymptomatic
IA4,IA30,0.98774232,2.14E-09,Asymptomatic
IA40,IA46,0.987612166,2.25E-09,Asymptomatic
IA1,IA2,0.986013986,4.12E-09,Asymptomatic
IA22,IA27,0.986013986,4.12E-09,Asymptomatic
IA1,IA29,0.986013986,4.12E-09,Asymptomatic
IA21,IA30,0.986013986,4.12E-09,Asymptomatic
C5,IA3,0.985970982,4.18E-09,Asymptomatic
IA27,IA41,0.985970982,4.18E-09,Asymptomatic
IA30,IA41,0.985970982,4.18E-09,Asymptomatic
IA3,IA43,0.985970982,4.18E-09,Asymptomatic
IA5,IA35,0.985964912,4.19E-09,Asymptomatic
C12,IA3,0.985941769,4.22E-09,Asymptomatic
IA3,IA5,0.985941769,4.22E-09,Asymptomatic
C5,IA5,0.984239688,7.46E-09,Asymptomatic
IA24,IA30,0.984239688,7.46E-09,Asymptomatic
C1,IA35,0.984239688,7.46E-09,Asymptomatic
C5,IA35,0.984239688,7.46E-09,Asymptomatic
IA1,IA35,0.984239688,7.46E-09,Asymptomatic
C12,IA43,0.984239688,7.46E-09,Asymptomatic
IA40,IA41,0.984128515,7.72E-09,Asymptomatic
C3,IA35,0.98245614,1.27E-08,Asymptomatic
IA20,IA41,0.982426825,1.28E-08,Asymptomatic
IA18,IA20,0.982299486,1.33E-08,Asymptomatic
C12,IA2,0.980737056,2.02E-08,Asymptomatic
IA1,IA4,0.980737056,2.02E-08,Asymptomatic
C12,IA29,0.980737056,2.02E-08,Asymptomatic
C3,IA4,0.980701754,2.04E-08,Asymptomatic
IA4,IA37,0.980669353,2.06E-08,Asymptomatic
IA18,IA30,0.980580676,2.11E-08,Asymptomatic
IA18,IA45,0.980387501,2.21E-08,Asymptomatic
C5,IA1,0.979020979,3.09E-08,Asymptomatic
IA1,IA3,0.978953395,3.14E-08,Asymptomatic
IA27,IA46,0.978897513,3.18E-08,Asymptomatic
IA18,IA41,0.978659945,3.36E-08,Asymptomatic
C3,IA2,0.977234423,4.64E-08,Asymptomatic
IA2,IA4,0.977234423,4.64E-08,Asymptomatic
C1,IA5,0.977234423,4.64E-08,Asymptomatic
C3,IA29,0.977234423,4.64E-08,Asymptomatic
IA4,IA29,0.977234423,4.64E-08,Asymptomatic
IA30,IA35,0.977234423,4.64E-08,Asymptomatic
IA35,IA43,0.977234423,4.64E-08,Asymptomatic
IA4,IA5,0.977192982,4.68E-08,Asymptomatic
IA4,IA24,0.977192982,4.68E-08,Asymptomatic
IA22,IA40,0.977166482,4.70E-08,Asymptomatic
IA3,IA4,0.977154409,4.72E-08,Asymptomatic
IA41,IA45,0.97707383,4.80E-08,Asymptomatic
IA30,IA37,0.975444601,6.75E-08,Asymptomatic
IA24,IA37,0.975396937,6.81E-08,Asymptomatic
IA20,IA40,0.975358159,6.87E-08,Asymptomatic
IA4,IA45,0.975358159,6.87E-08,Asymptomatic
IA20,IA22,0.973731791,9.43E-08,Asymptomatic
IA22,IA25,0.973731791,9.43E-08,Asymptomatic
IA25,IA27,0.973731791,9.43E-08,Asymptomatic
IA25,IA46,0.973558601,9.74E-08,Asymptomatic
C1,IA1,0.972027972,1.29E-07,Asymptomatic
IA2,IA43,0.972027972,1.29E-07,Asymptomatic
IA29,IA43,0.972027972,1.29E-07,Asymptomatic
IA24,IA45,0.971837011,1.33E-07,Asymptomatic
C3,IA1,0.970229159,1.75E-07,Asymptomatic
C1,IA4,0.970229159,1.75E-07,Asymptomatic
C5,IA4,0.970229159,1.75E-07,Asymptomatic
IA4,IA21,0.970229159,1.75E-07,Asymptomatic
IA20,IA30,0.970229159,1.75E-07,Asymptomatic
IA21,IA35,0.970229159,1.75E-07,Asymptomatic
C12,IA35,0.970175439,1.77E-07,Asymptomatic
C3,IA3,0.970124521,1.78E-07,Asymptomatic
IA18,IA21,0.969883432,1.86E-07,Asymptomatic
IA18,IA27,0.969883432,1.86E-07,Asymptomatic
IA21,IA41,0.968427014,2.34E-07,Asymptomatic
C3,IA5,0.968421053,2.35E-07,Asymptomatic
IA19,IA37,0.968367049,2.37E-07,Asymptomatic
IA35,IA45,0.968315862,2.38E-07,Asymptomatic
IA27,IA45,0.96662152,3.09E-07,Asymptomatic
IA4,IA41,0.966609577,3.09E-07,Asymptomatic
IA20,IA46,0.966503828,3.14E-07,Asymptomatic
IA18,IA24,0.966225495,3.27E-07,Asymptomatic
C11,IA2,0.965034965,3.88E-07,Asymptomatic
C11,IA29,0.965034965,3.88E-07,Asymptomatic
IA27,IA30,0.965034965,3.88E-07,Asymptomatic
C1,IA43,0.965034965,3.88E-07,Asymptomatic
IA20,IA25,0.964912281,3.95E-07,Asymptomatic
IA22,IA46,0.964812657,4.00E-07,Asymptomatic
IA25,IA40,0.964794713,4.01E-07,Asymptomatic
IA19,IA45,0.964794713,4.01E-07,Asymptomatic
IA37,IA45,0.964728132,4.05E-07,Asymptomatic
IA18,IA19,0.964439496,4.22E-07,Asymptomatic
IA1,IA24,0.963223894,4.98E-07,Asymptomatic
C11,IA35,0.963223894,4.98E-07,Asymptomatic
IA4,IA43,0.963223894,4.98E-07,Asymptomatic
IA5,IA43,0.963223894,4.98E-07,Asymptomatic
C12,IA5,0.963157895,5.02E-07,Asymptomatic
IA24,IA41,0.963094633,5.07E-07,Asymptomatic
IA20,IA45,0.963034139,5.11E-07,Asymptomatic
IA18,IA22,0.962751936,5.30E-07,Asymptomatic
IA22,IA41,0.961409427,6.32E-07,Asymptomatic
IA35,IA37,0.961337161,6.38E-07,Asymptomatic
IA18,IA25,0.960867497,6.77E-07,Asymptomatic
IA41,IA42,0.960514529,7.07E-07,Asymptomatic
C11,IA4,0.959721262,7.80E-07,Asymptomatic
IA21,IA24,0.959721262,7.80E-07,Asymptomatic
IA24,IA35,0.959649123,7.87E-07,Asymptomatic
IA35,IA41,0.959579689,7.94E-07,Asymptomatic
C11,IA1,0.958041958,9.54E-07,Asymptomatic
IA1,IA43,0.958041958,9.54E-07,Asymptomatic
IA3,IA21,0.957900633,9.70E-07,Asymptomatic
IA41,IA46,0.957603152,1.00E-06,Asymptomatic
C5,IA42,0.957150195,1.06E-06,Asymptomatic
C11,IA42,0.957150195,1.06E-06,Asymptomatic
C12,IA1,0.956218629,1.18E-06,Asymptomatic
C11,IA5,0.956218629,1.18E-06,Asymptomatic
C3,IA30,0.956218629,1.18E-06,Asymptomatic
IA19,IA30,0.956218629,1.18E-06,Asymptomatic
IA5,IA24,0.956140351,1.19E-06,Asymptomatic
IA39,IA42,0.956115,1.19E-06,Asymptomatic
IA18,IA40,0.955295317,1.30E-06,Asymptomatic
IA3,IA30,0.95439184,1.44E-06,Asymptomatic
IA20,IA24,0.954385965,1.44E-06,Asymptomatic
IA19,IA24,0.952631579,1.73E-06,Asymptomatic
IA30,IA40,0.95256157,1.75E-06,Asymptomatic
IA25,IA45,0.952470693,1.76E-06,Asymptomatic
IA40,IA45,0.95229682,1.80E-06,Asymptomatic
C3,IA42,0.951564087,1.94E-06,Asymptomatic
IA2,IA21,0.951048951,2.04E-06,Asymptomatic
IA21,IA27,0.951048951,2.04E-06,Asymptomatic
IA21,IA29,0.951048951,2.04E-06,Asymptomatic
IA1,IA30,0.951048951,2.04E-06,Asymptomatic
IA2,IA30,0.951048951,2.04E-06,Asymptomatic
IA29,IA30,0.951048951,2.04E-06,Asymptomatic
C5,IA43,0.951048951,2.04E-06,Asymptomatic
C11,IA3,0.950883046,2.07E-06,Asymptomatic
IA1,IA37,0.950883046,2.07E-06,Asymptomatic
C12,IA4,0.950877193,2.07E-06,Asymptomatic
C3,IA41,0.95079233,2.09E-06,Asymptomatic
IA3,IA45,0.950618762,2.13E-06,Asymptomatic
IA4,IA18,0.950151503,2.23E-06,Asymptomatic
IA5,IA30,0.949213365,2.44E-06,Asymptomatic
IA18,IA37,0.948244554,2.68E-06,Asymptomatic
IA40,IA42,0.947631114,2.84E-06,Asymptomatic
IA19,IA21,0.945710732,3.39E-06,Asymptomatic
IA22,IA45,0.945531596,3.44E-06,Asymptomatic
C1,IA21,0.944055944,3.93E-06,Asymptomatic
C1,IA30,0.944055944,3.93E-06,Asymptomatic
C5,IA30,0.944055944,3.93E-06,Asymptomatic
IA21,IA37,0.943865459,3.99E-06,Asymptomatic
C5,IA41,0.943865459,3.99E-06,Asymptomatic
IA37,IA43,0.943865459,3.99E-06,Asymptomatic
IA25,IA41,0.943762442,4.03E-06,Asymptomatic
IA5,IA21,0.9422081,4.61E-06,Asymptomatic
C3,IA43,0.9422081,4.61E-06,Asymptomatic
C3,IA24,0.942105263,4.65E-06,Asymptomatic
IA21,IA40,0.942016608,4.68E-06,Asymptomatic
IA2,IA45,0.942016608,4.68E-06,Asymptomatic
IA29,IA45,0.942016608,4.68E-06,Asymptomatic
C3,IA37,0.94200497,4.69E-06,Asymptomatic
IA20,IA37,0.94200497,4.69E-06,Asymptomatic
IA19,IA20,0.940350877,5.38E-06,Asymptomatic
IA5,IA37,0.940247498,5.42E-06,Asymptomatic
IA37,IA41,0.940140845,5.47E-06,Asymptomatic
IA20,IA21,0.938705468,6.14E-06,Asymptomatic
IA2,IA24,0.938705468,6.14E-06,Asymptomatic
IA21,IA25,0.938705468,6.14E-06,Asymptomatic
IA24,IA29,0.938705468,6.14E-06,Asymptomatic
IA43,IA45,0.938501621,6.24E-06,Asymptomatic
IA20,IA39,0.937905535,6.55E-06,Asymptomatic
IA18,IA46,0.937237391,6.90E-06,Asymptomatic
C5,IA21,0.937062937,6.99E-06,Asymptomatic
IA1,IA21,0.937062937,6.99E-06,Asymptomatic
IA22,IA30,0.937062937,6.99E-06,Asymptomatic
IA21,IA43,0.937062937,6.99E-06,Asymptomatic
IA30,IA43,0.937062937,6.99E-06,Asymptomatic
IA5,IA45,0.936625525,7.23E-06,Asymptomatic
IA3,IA37,0.936619718,7.24E-06,Asymptomatic
IA3,IA41,0.936619718,7.24E-06,Asymptomatic
C3,IA21,0.935202835,8.06E-06,Asymptomatic
IA25,IA30,0.935202835,8.06E-06,Asymptomatic
IA4,IA20,0.935087719,8.13E-06,Asymptomatic
C1,IA45,0.934986634,8.20E-06,Asymptomatic
IA1,IA45,0.934986634,8.20E-06,Asymptomatic
C3,IA45,0.93486495,8.27E-06,Asymptomatic
IA42,IA46,0.934705058,8.37E-06,Asymptomatic
IA2,IA37,0.933339079,9.26E-06,Asymptomatic
IA29,IA37,0.933339079,9.26E-06,Asymptomatic
IA2,IA41,0.933339079,9.26E-06,Asymptomatic
IA29,IA41,0.933339079,9.26E-06,Asymptomatic
IA19,IA25,0.933333333,9.27E-06,Asymptomatic
IA3,IA24,0.93321761,9.35E-06,Asymptomatic
IA39,IA41,0.932437483,9.89E-06,Asymptomatic
C5,IA24,0.931700203,1.04E-05,Asymptomatic
IA24,IA27,0.931700203,1.04E-05,Asymptomatic
IA4,IA19,0.931578947,1.05E-05,Asymptomatic
IA18,IA35,0.930505513,1.14E-05,Asymptomatic
IA21,IA22,0.93006993,1.17E-05,Asymptomatic
C11,IA30,0.93006993,1.17E-05,Asymptomatic
C11,IA41,0.929830285,1.19E-05,Asymptomatic
IA4,IA42,0.929772543,1.19E-05,Asymptomatic
IA20,IA42,0.929772543,1.19E-05,Asymptomatic
IA35,IA42,0.929772543,1.19E-05,Asymptomatic
IA18,IA39,0.929489265,1.22E-05,Asymptomatic
IA4,IA27,0.928197571,1.33E-05,Asymptomatic
IA2,IA42,0.928145643,1.34E-05,Asymptomatic
IA27,IA42,0.928145643,1.34E-05,Asymptomatic
IA29,IA42,0.928145643,1.34E-05,Asymptomatic
IA30,IA42,0.928145643,1.34E-05,Asymptomatic
IA18,IA42,0.928039703,1.35E-05,Asymptomatic
C5,IA45,0.927956659,1.35E-05,Asymptomatic
IA5,IA41,0.927945194,1.35E-05,Asymptomatic
C1,IA37,0.926321492,1.51E-05,Asymptomatic
C1,IA41,0.926321492,1.51E-05,Asymptomatic
IA1,IA41,0.926321492,1.51E-05,Asymptomatic
IA22,IA44,0.926321492,1.51E-05,Asymptomatic
IA27,IA44,0.926321492,1.51E-05,Asymptomatic
C1,IA24,0.924694938,1.68E-05,Asymptomatic
IA45,IA46,0.923895252,1.77E-05,Asymptomatic
IA25,IA44,0.922672778,1.91E-05,Asymptomatic
IA30,IA46,0.922558088,1.92E-05,Asymptomatic
IA5,IA42,0.922508695,1.93E-05,Asymptomatic
IA24,IA42,0.922508695,1.93E-05,Asymptomatic
C12,IA21,0.921192306,2.09E-05,Asymptomatic
C11,IA24,0.921192306,2.09E-05,Asymptomatic
IA27,IA35,0.921192306,2.09E-05,Asymptomatic
C1,IA42,0.920894505,2.13E-05,Asymptomatic
C4,IA42,0.920894505,2.13E-05,Asymptomatic
C6,IA42,0.920894505,2.13E-05,Asymptomatic
IA1,IA42,0.920894505,2.13E-05,Asymptomatic
C12,IA37,0.919157834,2.37E-05,Asymptomatic
IA4,IA40,0.919019782,2.39E-05,Asymptomatic
IA24,IA40,0.919019782,2.39E-05,Asymptomatic
IA35,IA40,0.919019782,2.39E-05,Asymptomatic
C12,IA30,0.917689674,2.59E-05,Asymptomatic
IA3,IA42,0.916854778,2.72E-05,Asymptomatic
IA39,IA40,0.916257426,2.81E-05,Asymptomatic
C11,IA21,0.916083916,2.84E-05,Asymptomatic
C5,IA37,0.915795111,2.89E-05,Asymptomatic
IA27,IA37,0.915795111,2.89E-05,Asymptomatic
IA19,IA41,0.91564289,2.92E-05,Asymptomatic
C12,IA45,0.915498633,2.94E-05,Asymptomatic
IA27,IA39,0.914985668,3.03E-05,Asymptomatic
C3,IA18,0.914431522,3.13E-05,Asymptomatic
IA22,IA24,0.914187041,3.17E-05,Asymptomatic
IA19,IA27,0.914187041,3.17E-05,Asymptomatic
IA20,IA35,0.914035088,3.20E-05,Asymptomatic
IA24,IA43,0.910684409,3.85E-05,Asymptomatic
C5,IA40,0.910381722,3.91E-05,Asymptomatic
IA40,IA44,0.910054325,3.98E-05,Asymptomatic
C7,IA2,0.909090909,4.19E-05,Asymptomatic
C7,IA29,0.909090909,4.19E-05,Asymptomatic
C11,IA43,0.909090909,4.19E-05,Asymptomatic
C11,IA37,0.908777524,4.26E-05,Asymptomatic
IA41,IA43,0.908777524,4.26E-05,Asymptomatic
IA24,IA25,0.90877193,4.26E-05,Asymptomatic
IA21,IA46,0.908473232,4.33E-05,Asymptomatic
IA22,IA39,0.907892756,4.47E-05,Asymptomatic
IA42,IA45,0.907539029,4.55E-05,Asymptomatic
IA19,IA22,0.907181776,4.63E-05,Asymptomatic
C11,IA45,0.906866735,4.71E-05,Asymptomatic
IA3,IA40,0.906526983,4.80E-05,Asymptomatic
IA21,IA42,0.90639223,4.83E-05,Asymptomatic
IA19,IA35,0.905263158,5.12E-05,Asymptomatic
IA20,IA44,0.905098059,5.16E-05,Asymptomatic
C3,IA40,0.904935187,5.20E-05,Asymptomatic
IA44,IA46,0.904599287,5.29E-05,Asymptomatic
C3,IA20,0.903508772,5.59E-05,Asymptomatic
IA3,IA27,0.901759937,6.10E-05,Asymptomatic
C3,IA27,0.900176512,6.59E-05,Asymptomatic
C7,IA35,0.900176512,6.59E-05,Asymptomatic
IA39,IA46,0.90002296,6.64E-05,Asymptomatic
IA24,IA46,0.89948349,6.81E-05,Asymptomatic
C2,IA42,0.899141092,6.92E-05,Asymptomatic
C7,IA42,0.899141092,6.92E-05,Asymptomatic
C10,IA42,0.899141092,6.92E-05,Asymptomatic
IA22,IA42,0.899141092,6.92E-05,Asymptomatic
C11,IA18,0.898568474,7.12E-05,Asymptomatic
IA1,IA18,0.898568474,7.12E-05,Asymptomatic
IA3,IA18,0.898148615,7.26E-05,Asymptomatic
IA2,IA40,0.896321773,7.91E-05,Asymptomatic
IA29,IA40,0.896321773,7.91E-05,Asymptomatic
C5,IA27,0.895104895,8.37E-05,Asymptomatic
C5,IA18,0.895002726,8.41E-05,Asymptomatic
IA2,IA18,0.895002726,8.41E-05,Asymptomatic
IA18,IA29,0.895002726,8.41E-05,Asymptomatic
IA5,IA18,0.894785532,8.49E-05,Asymptomatic
C7,IA3,0.89474235,8.51E-05,Asymptomatic
C11,IA39,0.893706931,8.92E-05,Asymptomatic
IA30,IA39,0.893706931,8.92E-05,Asymptomatic
C12,IA24,0.892982456,9.21E-05,Asymptomatic
IA37,IA40,0.892417614,9.45E-05,Asymptomatic
C3,IA39,0.891720793,9.75E-05,Asymptomatic
C12,IA41,0.891038283,0.000100479,Asymptomatic
IA4,IA22,0.889668615,0.0001067,Asymptomatic
C1,IA40,0.889291798,0.000108464,Asymptomatic
IA24,IA39,0.88816812,0.000113858,Asymptomatic
IA2,IA27,0.888111888,0.000114134,Asymptomatic
IA27,IA29,0.888111888,0.000114134,Asymptomatic
IA27,IA43,0.888111888,0.000114134,Asymptomatic
C1,IA18,0.88787123,0.000115318,Asymptomatic
IA37,IA42,0.887748277,0.000115927,Asymptomatic
IA44,IA45,0.8871266,0.000119044,Asymptomatic
C7,IA4,0.886165982,0.000123989,Asymptomatic
IA19,IA43,0.886165982,0.000123989,Asymptomatic
IA25,IA37,0.885765867,0.000126095,Asymptomatic
IA4,IA39,0.884615448,0.000132308,Asymptomatic
IA22,IA37,0.884215969,0.000134521,Asymptomatic
IA5,IA40,0.883808296,0.000136809,Asymptomatic
IA1,IA19,0.88266335,0.000143397,Asymptomatic
C5,IA20,0.88266335,0.000143397,Asymptomatic
IA40,IA43,0.882261823,0.000145765,Asymptomatic
IA3,IA20,0.882250923,0.00014583,Asymptomatic
IA19,IA44,0.882250923,0.00014583,Asymptomatic
IA19,IA40,0.882047721,0.00014704,Asymptomatic
C4,IA2,0.881118881,0.000152674,Asymptomatic
C6,IA2,0.881118881,0.000152674,Asymptomatic
C1,IA27,0.881118881,0.000152674,Asymptomatic
C4,IA29,0.881118881,0.000152674,Asymptomatic
C6,IA29,0.881118881,0.000152674,Asymptomatic
C4,IA39,0.879521107,0.000162759,Asymptomatic
C6,IA39,0.879521107,0.000162759,Asymptomatic
IA1,IA20,0.879160718,0.000165104,Asymptomatic
IA5,IA27,0.879160718,0.000165104,Asymptomatic
C4,IA35,0.879160718,0.000165104,Asymptomatic
C6,IA35,0.879160718,0.000165104,Asymptomatic
IA22,IA35,0.879160718,0.000165104,Asymptomatic
IA4,IA25,0.878947368,0.000166504,Asymptomatic
C12,IA42,0.878925607,0.000166648,Asymptomatic
IA25,IA42,0.878925607,0.000166648,Asymptomatic
C11,IA40,0.878746836,0.000167829,Asymptomatic
IA4,IA46,0.878319173,0.000170682,Asymptomatic
IA43,IA44,0.877198382,0.000178339,Asymptomatic
IA18,IA43,0.877173986,0.000178509,Asymptomatic
IA3,IA19,0.876978507,0.000179873,Asymptomatic
IA2,IA20,0.875658085,0.000189298,Asymptomatic
IA20,IA29,0.875658085,0.000189298,Asymptomatic
IA37,IA39,0.875494736,0.00019049,Asymptomatic
IA5,IA20,0.875438596,0.000190901,Asymptomatic
IA1,IA40,0.875231849,0.000192421,Asymptomatic
IA18,IA44,0.874889786,0.000194956,Asymptomatic
IA35,IA46,0.874791786,0.000195688,Asymptomatic
IA1,IA27,0.874125874,0.000200713,Asymptomatic
C7,IA41,0.873689589,0.00020406,Asymptomatic
IA5,IA19,0.873684211,0.000204101,Asymptomatic
C5,IA46,0.873261091,0.000207389,Asymptomatic
IA41,IA44,0.873239437,0.000207558,Asymptomatic
C4,IA4,0.872155453,0.000216175,Asymptomatic
C6,IA4,0.872155453,0.000216175,Asymptomatic
C11,IA20,0.872155453,0.000216175,Asymptomatic
IA19,IA46,0.8712644,0.000223466,Asymptomatic
IA42,IA43,0.870136541,0.000232967,Asymptomatic
IA39,IA45,0.869909774,0.000234914,Asymptomatic
IA2,IA19,0.868652821,0.000245942,Asymptomatic
C1,IA20,0.868652821,0.000245942,Asymptomatic
IA19,IA29,0.868652821,0.000245942,Asymptomatic
IA20,IA43,0.868652821,0.000245942,Asymptomatic
C3,IA19,0.868421053,0.000248019,Asymptomatic
IA25,IA35,0.868421053,0.000248019,Asymptomatic
C2,IA2,0.867132867,0.000259812,Asymptomatic
C10,IA2,0.867132867,0.000259812,Asymptomatic
C11,IA27,0.867132867,0.000259812,Asymptomatic
C2,IA29,0.867132867,0.000259812,Asymptomatic
C10,IA29,0.867132867,0.000259812,Asymptomatic
C4,IA3,0.866672002,0.000264135,Asymptomatic
C6,IA3,0.866672002,0.000264135,Asymptomatic
IA30,IA44,0.866672002,0.000264135,Asymptomatic
IA37,IA44,0.866197183,0.000268648,Asymptomatic
IA3,IA46,0.865729786,0.000273149,Asymptomatic
IA37,IA46,0.865729786,0.000273149,Asymptomatic
C5,IA39,0.865335283,0.000276994,Asymptomatic
C7,IA5,0.865150188,0.000278812,Asymptomatic
C2,IA35,0.865150188,0.000278812,Asymptomatic
C10,IA35,0.865150188,0.000278812,Asymptomatic
C3,IA46,0.864209628,0.000288195,Asymptomatic
IA35,IA39,0.863299413,0.000297508,Asymptomatic
C12,IA40,0.862681404,0.000303964,Asymptomatic
C1,IA19,0.861647556,0.000315007,Asymptomatic
C7,IA1,0.86013986,0.000331668,Asymptomatic
C7,IA30,0.86013986,0.000331668,Asymptomatic
IA25,IA39,0.859746741,0.000336123,Asymptomatic
C4,IA41,0.859654415,0.000337176,Asymptomatic
C6,IA41,0.859654415,0.000337176,Asymptomatic
IA21,IA44,0.859654415,0.000337176,Asymptomatic
IA2,IA46,0.859176235,0.000342671,Asymptomatic
IA29,IA46,0.859176235,0.000342671,Asymptomatic
C2,IA4,0.858144924,0.000354759,Asymptomatic
C10,IA4,0.858144924,0.000354759,Asymptomatic
C12,IA27,0.858144924,0.000354759,Asymptomatic
IA3,IA22,0.856145621,0.000379136,Asymptomatic
IA3,IA25,0.854131372,0.000404992,Asymptomatic
C4,IA1,0.853146853,0.000418118,Asymptomatic
C6,IA1,0.853146853,0.000418118,Asymptomatic
C7,IA21,0.853146853,0.000418118,Asymptomatic
C2,IA3,0.852636828,0.000425046,Asymptomatic
C10,IA3,0.852636828,0.000425046,Asymptomatic
C12,IA19,0.852631579,0.000425118,Asymptomatic
C1,IA46,0.852133806,0.000431967,Asymptomatic
C12,IA18,0.851921554,0.000434913,Asymptomatic
C2,IA39,0.851149459,0.000445762,Asymptomatic
C10,IA39,0.851149459,0.000445762,Asymptomatic
IA21,IA39,0.851149459,0.000445762,Asymptomatic
C4,IA5,0.851139659,0.000445901,Asymptomatic
C6,IA5,0.851139659,0.000445901,Asymptomatic
C3,IA22,0.847637027,0.000497797,Asymptomatic
IA5,IA46,0.846572696,0.000514459,Asymptomatic
C5,IA22,0.846153846,0.000521134,Asymptomatic
IA22,IA43,0.846153846,0.000521134,Asymptomatic
C2,IA41,0.845619241,0.00052975,Asymptomatic
C10,IA41,0.845619241,0.00052975,Asymptomatic
IA19,IA39,0.845536051,0.000531101,Asymptomatic
IA5,IA22,0.844134394,0.000554262,Asymptomatic
IA1,IA39,0.844056546,0.000555571,Asymptomatic
C5,IA19,0.840631762,0.000615569,Asymptomatic
IA2,IA25,0.840631762,0.000615569,Asymptomatic
IA25,IA29,0.840631762,0.000615569,Asymptomatic
IA25,IA43,0.840631762,0.000615569,Asymptomatic
IA1,IA22,0.839160839,0.000642826,Asymptomatic
IA2,IA22,0.839160839,0.000642826,Asymptomatic
IA22,IA29,0.839160839,0.000642826,Asymptomatic
C7,IA43,0.839160839,0.000642826,Asymptomatic
IA19,IA42,0.838974443,0.000646346,Asymptomatic
C12,IA20,0.838596491,0.000653528,Asymptomatic
C11,IA46,0.83804895,0.000664043,Asymptomatic
IA1,IA46,0.83804895,0.000664043,Asymptomatic
IA43,IA46,0.83804895,0.000664043,Asymptomatic
C11,IA19,0.83712913,0.000682001,Asymptomatic
C7,IA45,0.836566988,0.00069316,Asymptomatic
IA4,IA44,0.836556652,0.000693366,Asymptomatic
IA5,IA39,0.834878033,0.000727538,Asymptomatic
IA35,IA44,0.83479918,0.000729174,Asymptomatic
IA3,IA44,0.834507042,0.000735262,Asymptomatic
C1,IA25,0.833626497,0.000753851,Asymptomatic
C5,IA25,0.833626497,0.000753851,Asymptomatic
C3,IA25,0.833333333,0.00076012,Asymptomatic
C7,IA40,0.833052001,0.000766174,Asymptomatic
C2,IA1,0.832167832,0.000785442,Asymptomatic
C10,IA1,0.832167832,0.000785442,Asymptomatic
C4,IA30,0.832167832,0.000785442,Asymptomatic
C6,IA30,0.832167832,0.000785442,Asymptomatic
C2,IA5,0.830123865,0.000831418,Asymptomatic
C10,IA5,0.830123865,0.000831418,Asymptomatic
IA2,IA39,0.829870722,0.000837254,Asymptomatic
IA29,IA39,0.829870722,0.000837254,Asymptomatic
IA5,IA25,0.829824561,0.000838322,Asymptomatic
C12,IA44,0.82601182,0.000930194,Asymptomatic
IA3,IA39,0.825669832,0.000938799,Asymptomatic
IA39,IA44,0.825669832,0.000938799,Asymptomatic
C12,IA46,0.825408379,0.000945419,Asymptomatic
C1,IA22,0.825174825,0.000951363,Asymptomatic
C4,IA43,0.825174825,0.000951363,Asymptomatic
C6,IA43,0.825174825,0.000951363,Asymptomatic
IA24,IA44,0.824254349,0.00097507,Asymptomatic
IA1,IA25,0.8231186,0.001004947,Asymptomatic
C1,IA39,0.82277781,0.001014048,Asymptomatic
C4,IA40,0.818992051,0.001119483,Asymptomatic
C6,IA40,0.818992051,0.001119483,Asymptomatic
C11,IA22,0.818181818,0.001143105,Asymptomatic
C2,IA30,0.818181818,0.001143105,Asymptomatic
C10,IA30,0.818181818,0.001143105,Asymptomatic
C7,IA18,0.816556272,0.001191654,Asymptomatic
C12,IA25,0.814035088,0.001270075,Asymptomatic
C7,IA24,0.812610703,0.001316101,Asymptomatic
C7,IA27,0.811188811,0.001363315,Asymptomatic
C2,IA43,0.811188811,0.001363315,Asymptomatic
C10,IA43,0.811188811,0.001363315,Asymptomatic
C4,IA37,0.810531305,0.001385583,Asymptomatic
C6,IA37,0.810531305,0.001385583,Asymptomatic
C7,IA37,0.810531305,0.001385583,Asymptomatic
C7,IA39,0.808591986,0.001452893,Asymptomatic
IA42,IA44,0.807705399,0.001484488,Asymptomatic
C4,IA18,0.805859028,0.001551979,Asymptomatic
C6,IA18,0.805859028,0.001551979,Asymptomatic
C2,IA40,0.804932102,0.001586736,Asymptomatic
C10,IA40,0.804932102,0.001586736,Asymptomatic
C4,IA21,0.804195804,0.001614769,Asymptomatic
C6,IA21,0.804195804,0.001614769,Asymptomatic
C12,IA22,0.802102806,0.001696533,Asymptomatic
C11,IA25,0.802102806,0.001696533,Asymptomatic
IA39,IA43,0.801499073,0.001720698,Asymptomatic
IA2,IA44,0.800004925,0.001781636,Asymptomatic
IA29,IA44,0.800004925,0.001781636,Asymptomatic
C4,IA20,0.798600174,0.001840425,Asymptomatic
C6,IA20,0.798600174,0.001840425,Asymptomatic
C7,IA20,0.798600174,0.001840425,Asymptomatic
C4,IA24,0.798600174,0.001840425,Asymptomatic
C6,IA24,0.798600174,0.001840425,Asymptomatic
C4,IA45,0.797902127,0.001870185,Asymptomatic
C6,IA45,0.797902127,0.001870185,Asymptomatic
C4,IA27,0.797202797,0.001900368,Asymptomatic
C6,IA27,0.797202797,0.001900368,Asymptomatic
C2,IA37,0.796496131,0.001931245,Asymptomatic
C10,IA37,0.796496131,0.001931245,Asymptomatic
C1,IA44,0.792987338,0.002090287,Asymptomatic
C8,IA42,0.790374024,0.002215105,Asymptomatic
C3,IA44,0.789104909,0.002277737,Asymptomatic
IA5,IA44,0.789104909,0.002277737,Asymptomatic
C7,IA46,0.788751953,0.002295394,Asymptomatic
C5,IA44,0.785969751,0.002438263,Asymptomatic
C2,IA20,0.784589645,0.002511602,Asymptomatic
C10,IA20,0.784589645,0.002511602,Asymptomatic
C2,IA21,0.783216783,0.002586215,Asymptomatic
C10,IA21,0.783216783,0.002586215,Asymptomatic
C2,IA27,0.783216783,0.002586215,Asymptomatic
C10,IA27,0.783216783,0.002586215,Asymptomatic
IA1,IA44,0.782460957,0.002628008,Asymptomatic
C12,IA39,0.781587946,0.002676919,Asymptomatic
C2,IA18,0.780898793,0.002716017,Asymptomatic
C10,IA18,0.780898793,0.002716017,Asymptomatic
C2,IA45,0.78032719,0.002748775,Asymptomatic
C10,IA45,0.78032719,0.002748775,Asymptomatic
C2,IA24,0.77758438,0.002910172,Asymptomatic
C10,IA24,0.77758438,0.002910172,Asymptomatic
C4,IA46,0.774667097,0.003089652,Asymptomatic
C6,IA46,0.774667097,0.003089652,Asymptomatic
C8,IA2,0.769230769,0.00344645,Asymptomatic
C8,IA29,0.769230769,0.00344645,Asymptomatic
C8,IA35,0.767076483,0.003596176,Asymptomatic
C2,IA46,0.76058224,0.004077534,Asymptomatic
C10,IA46,0.76058224,0.004077534,Asymptomatic
C8,IA3,0.757899402,0.004290027,Asymptomatic
C8,IA4,0.756568586,0.004398493,Asymptomatic
C8,IA39,0.751848688,0.004799984,Asymptomatic
C11,IA44,0.736846641,0.006261669,Asymptomatic
C7,IA25,0.735552792,0.006401785,Asymptomatic
C8,IA41,0.733337848,0.006647103,Asymptomatic
C7,IA19,0.728547527,0.007201751,Asymptomatic
C4,IA22,0.727272727,0.007355029,Asymptomatic
C6,IA22,0.727272727,0.007355029,Asymptomatic
C7,IA22,0.727272727,0.007355029,Asymptomatic
C8,IA43,0.727272727,0.007355029,Asymptomatic
C8,IA1,0.72027972,0.008239769,Asymptomatic
C8,IA5,0.71803963,0.008539324,Asymptomatic
C4,IA19,0.711034365,0.009528761,Asymptomatic
C6,IA19,0.711034365,0.009528761,Asymptomatic
C8,IA30,0.706293706,0.010245194,Asymptomatic
C4,IA25,0.700526468,0.011169929,Asymptomatic
C6,IA25,0.700526468,0.011169929,Asymptomatic
C2,IA22,0.699300699,0.011374199,Asymptomatic
C10,IA22,0.699300699,0.011374199,Asymptomatic
C8,IA37,0.694741119,0.012158444,Asymptomatic
C8,IA40,0.692452507,0.012566851,Asymptomatic
C2,IA19,0.686515939,0.013673552,Asymptomatic
C10,IA19,0.686515939,0.013673552,Asymptomatic
C2,IA25,0.679510674,0.015070229,Asymptomatic
C10,IA25,0.679510674,0.015070229,Asymptomatic
C4,IA44,0.673688358,0.016308778,Asymptomatic
C6,IA44,0.673688358,0.016308778,Asymptomatic
C8,IA21,0.671328671,0.016831456,Asymptomatic
C8,IA27,0.671328671,0.016831456,Asymptomatic
C8,IA20,0.669002777,0.017358586,Asymptomatic
C8,IA45,0.667847595,0.017624846,Asymptomatic
C8,IA18,0.663229112,0.018719368,Asymptomatic
C2,IA44,0.652635596,0.021416849,Asymptomatic
C7,IA44,0.652635596,0.021416849,Asymptomatic
C10,IA44,0.652635596,0.021416849,Asymptomatic
C8,IA24,0.647986983,0.022685764,Asymptomatic
C8,IA46,0.640860962,0.024735858,Asymptomatic
C9,IA42,0.602899383,0.037978758,Asymptomatic
C8,IA19,0.574431704,0.050765335,Asymptomatic
C8,IA22,0.573426573,0.05126559,Asymptomatic
C8,IA44,0.564915758,0.055640822,Asymptomatic
C8,IA25,0.556918542,0.059983608,Asymptomatic
C9,IA2,0.549913278,0.06397667,Asymptomatic
C9,IA29,0.549913278,0.06397667,Asymptomatic
C9,IA39,0.54355889,0.067754625,Asymptomatic
C9,IA35,0.529824561,0.076440028,Asymptomatic
C9,IA3,0.525484116,0.079335904,Asymptomatic
C9,IA4,0.514035088,0.087331214,Asymptomatic
C9,IA41,0.509666868,0.090520217,Asymptomatic
C9,IA5,0.480701754,0.113664236,Asymptomatic
C9,IA1,0.479860631,0.114389358,Asymptomatic
C9,IA40,0.475355059,0.118325554,Asymptomatic
C9,IA30,0.465850101,0.126919077,Asymptomatic
C9,IA43,0.465850101,0.126919077,Asymptomatic
C9,IA21,0.437829043,0.154586412,Asymptomatic
C9,IA27,0.437829043,0.154586412,Asymptomatic
C9,IA46,0.437395893,0.155041871,Asymptomatic
C9,IA20,0.433333333,0.159355302,Asymptomatic
C9,IA37,0.43058063,0.162320852,Asymptomatic
C9,IA18,0.430425775,0.162488712,Asymptomatic
C9,IA45,0.422537831,0.171184758,Asymptomatic
C9,IA24,0.401754386,0.195474975,Asymptomatic
C9,IA25,0.331578947,0.292394055,Asymptomatic
C9,IA22,0.325744808,0.301482697,Asymptomatic
C9,IA19,0.312280702,0.323051232,Asymptomatic
C9,IA44,0.289982873,0.360565603,Asymptomatic
C4,C6,1,0,Control
C2,C10,1,0,Control
C2,C4,0.993006993,1.30E-10,Control
C2,C6,0.993006993,1.30E-10,Control
C4,C10,0.993006993,1.30E-10,Control
C6,C10,0.993006993,1.30E-10,Control
C3,C11,0.991244953,3.99E-10,Control
C1,C12,0.98774232,2.14E-09,Control
C1,C5,0.986013986,4.12E-09,Control
C1,C3,0.984239688,7.46E-09,Control
C3,C5,0.984239688,7.46E-09,Control
C5,C11,0.979020979,3.09E-08,Control
C2,C7,0.972027972,1.29E-07,Control
C2,C8,0.972027972,1.29E-07,Control
C7,C10,0.972027972,1.29E-07,Control
C8,C10,0.972027972,1.29E-07,Control
C1,C11,0.972027972,1.29E-07,Control
C4,C7,0.965034965,3.88E-07,Control
C6,C7,0.965034965,3.88E-07,Control
C5,C12,0.963223894,4.98E-07,Control
C3,C12,0.957894737,9.71E-07,Control
C4,C8,0.951048951,2.04E-06,Control
C6,C8,0.951048951,2.04E-06,Control
C4,C11,0.951048951,2.04E-06,Control
C6,C11,0.951048951,2.04E-06,Control
C7,C11,0.944055944,3.93E-06,Control
C3,C4,0.935202835,8.06E-06,Control
C3,C6,0.935202835,8.06E-06,Control
C3,C7,0.935202835,8.06E-06,Control
C11,C12,0.935202835,8.06E-06,Control
C5,C7,0.93006993,1.17E-05,Control
C7,C8,0.93006993,1.17E-05,Control
C2,C11,0.93006993,1.17E-05,Control
C10,C11,0.93006993,1.17E-05,Control
C1,C7,0.923076923,1.86E-05,Control
C2,C3,0.921192306,2.09E-05,Control
C8,C9,0.921192306,2.09E-05,Control
C3,C10,0.921192306,2.09E-05,Control
C4,C5,0.916083916,2.84E-05,Control
C5,C6,0.916083916,2.84E-05,Control
C2,C5,0.902097902,6.00E-05,Control
C5,C10,0.902097902,6.00E-05,Control
C1,C4,0.895104895,8.37E-05,Control
C1,C6,0.895104895,8.37E-05,Control
C1,C2,0.881118881,0.000152674,Control
C1,C10,0.881118881,0.000152674,Control
C7,C12,0.879160718,0.000165104,Control
C2,C9,0.858144924,0.000354759,Control
C9,C10,0.858144924,0.000354759,Control
C4,C12,0.858144924,0.000354759,Control
C6,C12,0.858144924,0.000354759,Control
C2,C12,0.844134394,0.000554262,Control
C10,C12,0.844134394,0.000554262,Control
C8,C11,0.839160839,0.000642826,Control
C3,C8,0.830123865,0.000831418,Control
C4,C9,0.8231186,0.001004947,Control
C6,C9,0.8231186,0.001004947,Control
C7,C9,0.8231186,0.001004947,Control
C5,C8,0.804195804,0.001614769,Control
C1,C8,0.79020979,0.002223135,Control
C8,C12,0.76357385,0.003850094,Control
C9,C11,0.640981719,0.024700038,Control
C3,C9,0.610526316,0.03498597,Control
C5,C9,0.59895013,0.039598056,Control
C1,C9,0.570929072,0.052523555,Control
C9,C12,0.524561404,0.079961024,Control
IA5,IS7,0.998250217,1.29E-13,Symptomatic
IA4,IS11,0.998250217,1.29E-13,Symptomatic
IA35,IS11,0.998250217,1.29E-13,Symptomatic
IA20,IS12,0.998250217,1.29E-13,Symptomatic
IA27,IS17,0.998250217,1.29E-13,Symptomatic
IS12,IS33,0.998250217,1.29E-13,Symptomatic
IA20,IS33,0.996491228,4.16E-12,Symptomatic
IA40,IS17,0.996485051,4.20E-12,Symptomatic
IA40,IS23,0.994741418,3.14E-11,Symptomatic
IA1,IS7,0.993006993,1.30E-10,Symptomatic
IA2,IS7,0.993006993,1.30E-10,Symptomatic
IA29,IS7,0.993006993,1.30E-10,Symptomatic
IA27,IS12,0.993006993,1.30E-10,Symptomatic
IA1,IS13,0.993006993,1.30E-10,Symptomatic
IA2,IS13,0.993006993,1.30E-10,Symptomatic
IA29,IS13,0.993006993,1.30E-10,Symptomatic
IS11,IS13,0.993006993,1.30E-10,Symptomatic
IA1,IS14,0.993006993,1.30E-10,Symptomatic
IS11,IS14,0.993006993,1.30E-10,Symptomatic
IA27,IS23,0.993006993,1.30E-10,Symptomatic
IA22,IS48,0.993006993,1.30E-10,Symptomatic
IA27,IS48,0.993006993,1.30E-10,Symptomatic
IA20,IS10,0.992982456,1.32E-10,Symptomatic
IA46,IS23,0.992982369,1.32E-10,Symptomatic
IA41,IS10,0.992971657,1.33E-10,Symptomatic
IA41,IS17,0.992971657,1.33E-10,Symptomatic
IS6,IS33,0.992971657,1.33E-10,Symptomatic
IS10,IS12,0.991244953,3.99E-10,Symptomatic
IA5,IS13,0.991244953,3.99E-10,Symptomatic
IA35,IS13,0.991244953,3.99E-10,Symptomatic
IA4,IS14,0.991244953,3.99E-10,Symptomatic
IA5,IS14,0.991244953,3.99E-10,Symptomatic
IA35,IS14,0.991244953,3.99E-10,Symptomatic
IS12,IS17,0.991244953,3.99E-10,Symptomatic
IS17,IS23,0.991244953,3.99E-10,Symptomatic
IA27,IS33,0.991244953,3.99E-10,Symptomatic
IA20,IS47,0.991244953,3.99E-10,Symptomatic
IA45,IS6,0.991183199,4.13E-10,Symptomatic
IA3,IS7,0.989479775,9.97E-10,Symptomatic
IA22,IS34,0.989479775,9.97E-10,Symptomatic
IA4,IS13,0.98774232,2.14E-09,Symptomatic
IS17,IS48,0.98774232,2.14E-09,Symptomatic
IS17,IS33,0.987719298,2.16E-09,Symptomatic
IA3,IS28,0.987699241,2.17E-09,Symptomatic
IS33,IS34,0.987699241,2.17E-09,Symptomatic
IS6,IS34,0.987676056,2.19E-09,Symptomatic
C5,IS7,0.986013986,4.12E-09,Symptomatic
IA1,IS11,0.986013986,4.12E-09,Symptomatic
IA2,IS11,0.986013986,4.12E-09,Symptomatic
IA29,IS11,0.986013986,4.12E-09,Symptomatic
C1,IS13,0.986013986,4.12E-09,Symptomatic
C5,IS13,0.986013986,4.12E-09,Symptomatic
IS7,IS13,0.986013986,4.12E-09,Symptomatic
IS7,IS14,0.986013986,4.12E-09,Symptomatic
IS13,IS14,0.986013986,4.12E-09,Symptomatic
IS12,IS47,0.986013986,4.12E-09,Symptomatic
IS12,IS48,0.986013986,4.12E-09,Symptomatic
IS23,IS48,0.986013986,4.12E-09,Symptomatic
IA27,IS6,0.985970982,4.18E-09,Symptomatic
IA30,IS6,0.985970982,4.18E-09,Symptomatic
IA3,IS11,0.985970982,4.18E-09,Symptomatic
IA41,IS12,0.985970982,4.18E-09,Symptomatic
IS6,IS12,0.985970982,4.18E-09,Symptomatic
IA3,IS13,0.985970982,4.18E-09,Symptomatic
IA20,IS17,0.985964912,4.19E-09,Symptomatic
IS10,IS17,0.985964912,4.19E-09,Symptomatic
IS10,IS33,0.985964912,4.19E-09,Symptomatic
IA35,IS7,0.984239688,7.46E-09,Symptomatic
C3,IS11,0.984239688,7.46E-09,Symptomatic
IA5,IS11,0.984239688,7.46E-09,Symptomatic
C3,IS13,0.984239688,7.46E-09,Symptomatic
IA25,IS23,0.984239688,7.46E-09,Symptomatic
IS15,IS28,0.984239688,7.46E-09,Symptomatic
IS33,IS47,0.984239688,7.46E-09,Symptomatic
IS33,IS48,0.984239688,7.46E-09,Symptomatic
IA35,IS28,0.984210526,7.53E-09,Symptomatic
IA40,IS48,0.984196456,7.56E-09,Symptomatic
IS9,IS48,0.984165251,7.64E-09,Symptomatic
IA27,IS34,0.982462188,1.27E-08,Symptomatic
IS12,IS34,0.982462188,1.27E-08,Symptomatic
IS34,IS48,0.982462188,1.27E-08,Symptomatic
IA20,IS6,0.982426825,1.28E-08,Symptomatic
IS6,IS17,0.982426825,1.28E-08,Symptomatic
IA25,IS32,0.982426825,1.28E-08,Symptomatic
IA41,IS33,0.982426825,1.28E-08,Symptomatic
IS31,IS48,0.982361932,1.31E-08,Symptomatic
IA18,IS10,0.982299486,1.33E-08,Symptomatic
IA18,IS33,0.982299486,1.33E-08,Symptomatic
IS31,IS32,0.982243091,1.35E-08,Symptomatic
IA27,IS10,0.980737056,2.02E-08,Symptomatic
IA22,IS17,0.980737056,2.02E-08,Symptomatic
IA21,IS28,0.980737056,2.02E-08,Symptomatic
IA20,IS48,0.980737056,2.02E-08,Symptomatic
IA25,IS48,0.980737056,2.02E-08,Symptomatic
IA40,IS12,0.980681469,2.05E-08,Symptomatic
IS38,IS47,0.980681469,2.05E-08,Symptomatic
IA19,IS38,0.980639882,2.07E-08,Symptomatic
IA18,IS12,0.980580676,2.11E-08,Symptomatic
IA18,IS47,0.980580676,2.11E-08,Symptomatic
IS9,IS32,0.980544796,2.12E-08,Symptomatic
IS9,IS31,0.980290843,2.27E-08,Symptomatic
C1,IS7,0.979020979,3.09E-08,Symptomatic
C1,IS11,0.979020979,3.09E-08,Symptomatic
C5,IS11,0.979020979,3.09E-08,Symptomatic
IA30,IS11,0.979020979,3.09E-08,Symptomatic
IS7,IS11,0.979020979,3.09E-08,Symptomatic
IA22,IS12,0.979020979,3.09E-08,Symptomatic
IA2,IS14,0.979020979,3.09E-08,Symptomatic
IA29,IS14,0.979020979,3.09E-08,Symptomatic
IA22,IS23,0.979020979,3.09E-08,Symptomatic
IS12,IS23,0.979020979,3.09E-08,Symptomatic
IS50,IS48,0.979020979,3.09E-08,Symptomatic
IS47,IS48,0.979020979,3.09E-08,Symptomatic
IA3,IS14,0.978953395,3.14E-08,Symptomatic
IA20,IS34,0.978911881,3.17E-08,Symptomatic
IS33,IS38,0.978879308,3.19E-08,Symptomatic
IA41,IS6,0.978873239,3.20E-08,Symptomatic
IS34,IS38,0.978837501,3.23E-08,Symptomatic
IA18,IS6,0.978659945,3.36E-08,Symptomatic
IA30,IS10,0.977234423,4.64E-08,Symptomatic
IS17,IS50,0.977234423,4.64E-08,Symptomatic
IA20,IS23,0.977234423,4.64E-08,Symptomatic
IA2,IS28,0.977234423,4.64E-08,Symptomatic
IA29,IS28,0.977234423,4.64E-08,Symptomatic
IA22,IS33,0.977234423,4.64E-08,Symptomatic
IA30,IS33,0.977234423,4.64E-08,Symptomatic
IS23,IS33,0.977234423,4.64E-08,Symptomatic
IS10,IS47,0.977234423,4.64E-08,Symptomatic
IA27,IS9,0.977110303,4.76E-08,Symptomatic
IS9,IS23,0.977110303,4.76E-08,Symptomatic
IA46,IS17,0.977085987,4.79E-08,Symptomatic
IA25,IS9,0.977056202,4.82E-08,Symptomatic
IA18,IS38,0.976802904,5.09E-08,Symptomatic
IA21,IS6,0.975444601,6.75E-08,Symptomatic
IA41,IS23,0.975444601,6.75E-08,Symptomatic
IS6,IS23,0.975444601,6.75E-08,Symptomatic
IS6,IS48,0.975444601,6.75E-08,Symptomatic
IA25,IS34,0.975396937,6.81E-08,Symptomatic
IS17,IS34,0.975396937,6.81E-08,Symptomatic
IA40,IS10,0.975358159,6.87E-08,Symptomatic
IA45,IS28,0.975358159,6.87E-08,Symptomatic
IA40,IS33,0.975358159,6.87E-08,Symptomatic
IA45,IS33,0.975358159,6.87E-08,Symptomatic
IS36,IS38,0.975358159,6.87E-08,Symptomatic
IS6,IS38,0.975310159,6.93E-08,Symptomatic
IA22,IS31,0.975243367,7.03E-08,Symptomatic
IA24,IS14,0.973731791,9.43E-08,Symptomatic
IA43,IS28,0.973731791,9.43E-08,Symptomatic
IS11,IS28,0.973731791,9.43E-08,Symptomatic
IA40,IS50,0.973651494,9.57E-08,Symptomatic
IA18,IS36,0.973369491,1.01E-07,Symptomatic
IA43,IS11,0.972027972,1.29E-07,Symptomatic
IA30,IS12,0.972027972,1.29E-07,Symptomatic
C11,IS13,0.972027972,1.29E-07,Symptomatic
C5,IS14,0.972027972,1.29E-07,Symptomatic
IA30,IS14,0.972027972,1.29E-07,Symptomatic
IA21,IS15,0.972027972,1.29E-07,Symptomatic
IS7,IS15,0.972027972,1.29E-07,Symptomatic
IA22,IS50,0.972027972,1.29E-07,Symptomatic
IA27,IS50,0.972027972,1.29E-07,Symptomatic
IA22,IS47,0.972027972,1.29E-07,Symptomatic
IA27,IS47,0.972027972,1.29E-07,Symptomatic
IA37,IS11,0.971935808,1.31E-07,Symptomatic
IA41,IS50,0.971935808,1.31E-07,Symptomatic
IS23,IS34,0.971935808,1.31E-07,Symptomatic
IS34,IS47,0.971935808,1.31E-07,Symptomatic
IS32,IS48,0.971935808,1.31E-07,Symptomatic
IA25,IS6,0.971881993,1.32E-07,Symptomatic
IS6,IS10,0.971881993,1.32E-07,Symptomatic
IA46,IS48,0.971855085,1.33E-07,Symptomatic
IA20,IS38,0.971837011,1.33E-07,Symptomatic
IS32,IS34,0.971830986,1.33E-07,Symptomatic
IA40,IS9,0.971637315,1.38E-07,Symptomatic
IA18,IS17,0.971583492,1.39E-07,Symptomatic
IA18,IS34,0.971503382,1.41E-07,Symptomatic
IA4,IS7,0.970229159,1.75E-07,Symptomatic
C12,IS13,0.970229159,1.75E-07,Symptomatic
C3,IS14,0.970229159,1.75E-07,Symptomatic
IA30,IS17,0.970229159,1.75E-07,Symptomatic
IS10,IS23,0.970229159,1.75E-07,Symptomatic
C1,IS28,0.970229159,1.75E-07,Symptomatic
IA30,IS28,0.970229159,1.75E-07,Symptomatic
IS7,IS28,0.970229159,1.75E-07,Symptomatic
IA25,IS47,0.970229159,1.75E-07,Symptomatic
IA4,IS28,0.970175439,1.77E-07,Symptomatic
IS12,IS38,0.970136507,1.78E-07,Symptomatic
IA22,IS9,0.970055355,1.80E-07,Symptomatic
IA40,IS6,0.970019145,1.81E-07,Symptomatic
IA45,IS34,0.970019145,1.81E-07,Symptomatic
IA18,IS50,0.969883432,1.86E-07,Symptomatic
IA18,IS48,0.969883432,1.86E-07,Symptomatic
IA22,IS6,0.968427014,2.34E-07,Symptomatic
IA3,IS15,0.968427014,2.34E-07,Symptomatic
IA41,IS48,0.968427014,2.34E-07,Symptomatic
IA25,IS33,0.968421053,2.35E-07,Symptomatic
IA45,IS17,0.968315862,2.38E-07,Symptomatic
IA25,IS38,0.968315862,2.38E-07,Symptomatic
IS6,IS32,0.968309859,2.39E-07,Symptomatic
IS9,IS17,0.968222059,2.42E-07,Symptomatic
C12,IS7,0.966726526,3.04E-07,Symptomatic
IA24,IS11,0.966726526,3.04E-07,Symptomatic
IS10,IS50,0.966726526,3.04E-07,Symptomatic
C5,IS28,0.966726526,3.04E-07,Symptomatic
IS14,IS28,0.966726526,3.04E-07,Symptomatic
IS17,IS47,0.966726526,3.04E-07,Symptomatic
IS10,IS48,0.966726526,3.04E-07,Symptomatic
IA45,IS11,0.96662152,3.09E-07,Symptomatic
IA45,IS12,0.96662152,3.09E-07,Symptomatic
IS38,IS48,0.96662152,3.09E-07,Symptomatic
IA46,IS9,0.966253744,3.26E-07,Symptomatic
IA43,IS7,0.965034965,3.88E-07,Symptomatic
C11,IS11,0.965034965,3.88E-07,Symptomatic
IA21,IS11,0.965034965,3.88E-07,Symptomatic
IA43,IS13,0.965034965,3.88E-07,Symptomatic
C1,IS14,0.965034965,3.88E-07,Symptomatic
IA43,IS14,0.965034965,3.88E-07,Symptomatic
IA2,IS15,0.965034965,3.88E-07,Symptomatic
IA29,IS15,0.965034965,3.88E-07,Symptomatic
IS12,IS50,0.965034965,3.88E-07,Symptomatic
IS50,IS23,0.965034965,3.88E-07,Symptomatic
IS23,IS47,0.965034965,3.88E-07,Symptomatic
IA37,IS14,0.964918221,3.95E-07,Symptomatic
IA22,IS32,0.964918221,3.95E-07,Symptomatic
IS6,IS47,0.964918221,3.95E-07,Symptomatic
IA24,IS10,0.964912281,3.95E-07,Symptomatic
IA25,IS17,0.964912281,3.95E-07,Symptomatic
IA46,IS12,0.964812657,4.00E-07,Symptomatic
IA40,IS34,0.964728132,4.05E-07,Symptomatic
IA27,IS31,0.96456552,4.15E-07,Symptomatic
IS50,IS31,0.96456552,4.15E-07,Symptomatic
IA25,IS31,0.964473498,4.20E-07,Symptomatic
C3,IS7,0.963223894,4.98E-07,Symptomatic
C12,IS11,0.963223894,4.98E-07,Symptomatic
IA25,IS12,0.963223894,4.98E-07,Symptomatic
IA5,IS15,0.963223894,4.98E-07,Symptomatic
IA35,IS15,0.963223894,4.98E-07,Symptomatic
IS36,IS47,0.963223894,4.98E-07,Symptomatic
C12,IS28,0.963157895,5.02E-07,Symptomatic
IA5,IS28,0.963157895,5.02E-07,Symptomatic
IA45,IS15,0.963106532,5.06E-07,Symptomatic
IA45,IS10,0.963034139,5.11E-07,Symptomatic
IA41,IS34,0.963028169,5.11E-07,Symptomatic
IS32,IS38,0.962964461,5.16E-07,Symptomatic
IA27,IS32,0.961409427,6.32E-07,Symptomatic
IS23,IS32,0.961409427,6.32E-07,Symptomatic
IA30,IS34,0.961409427,6.32E-07,Symptomatic
IA19,IS6,0.961337161,6.38E-07,Symptomatic
IA41,IS28,0.961337161,6.38E-07,Symptomatic
IS6,IS28,0.961337161,6.38E-07,Symptomatic
IS10,IS34,0.961337161,6.38E-07,Symptomatic
IS9,IS33,0.961154745,6.53E-07,Symptomatic
IS6,IS9,0.961075495,6.59E-07,Symptomatic
IS9,IS34,0.961075495,6.59E-07,Symptomatic
IS31,IS34,0.960812333,6.81E-07,Symptomatic
IA22,IS10,0.959721262,7.80E-07,Symptomatic
IA20,IS50,0.959721262,7.80E-07,Symptomatic
IS13,IS28,0.959721262,7.80E-07,Symptomatic
IA19,IS36,0.959649123,7.87E-07,Symptomatic
IA45,IS14,0.959591545,7.93E-07,Symptomatic
IA22,IS38,0.959591545,7.93E-07,Symptomatic
IA24,IS6,0.959579689,7.94E-07,Symptomatic
IA44,IS32,0.959507042,8.01E-07,Symptomatic
IS9,IS12,0.959472933,8.04E-07,Symptomatic
IA46,IS10,0.959449056,8.07E-07,Symptomatic
IA46,IS33,0.959449056,8.07E-07,Symptomatic
IA45,IS38,0.959363958,8.15E-07,Symptomatic
IA18,IS23,0.959186188,8.33E-07,Symptomatic
IA42,IS10,0.958827935,8.69E-07,Symptomatic
IA30,IS13,0.958041958,9.54E-07,Symptomatic
IA21,IS14,0.958041958,9.54E-07,Symptomatic
C5,IS15,0.958041958,9.54E-07,Symptomatic
IA30,IS15,0.958041958,9.54E-07,Symptomatic
IS14,IS15,0.958041958,9.54E-07,Symptomatic
IS50,IS47,0.958041958,9.54E-07,Symptomatic
IA41,IS11,0.957900633,9.70E-07,Symptomatic
IA37,IS13,0.957900633,9.70E-07,Symptomatic
IA41,IS47,0.957900633,9.70E-07,Symptomatic
IA46,IS47,0.957770229,9.85E-07,Symptomatic
IA37,IS6,0.957746479,9.88E-07,Symptomatic
IS23,IS31,0.957446955,1.02E-06,Symptomatic
IS17,IS31,0.957342455,1.04E-06,Symptomatic
IA40,IS31,0.957141237,1.06E-06,Symptomatic
IA24,IS13,0.956218629,1.18E-06,Symptomatic
IA21,IS17,0.956218629,1.18E-06,Symptomatic
IS50,IS33,0.956218629,1.18E-06,Symptomatic
IA45,IS23,0.956076558,1.20E-06,Symptomatic
IA27,IS38,0.956076558,1.20E-06,Symptomatic
IA40,IS47,0.956076558,1.20E-06,Symptomatic
IA4,IS6,0.956064745,1.20E-06,Symptomatic
IA41,IS15,0.95439184,1.44E-06,Symptomatic
IA24,IS33,0.954385965,1.44E-06,Symptomatic
IS32,IS33,0.954307273,1.45E-06,Symptomatic
IA1,IS28,0.952715997,1.72E-06,Symptomatic
IA21,IS33,0.952715997,1.72E-06,Symptomatic
IA4,IS10,0.952631579,1.73E-06,Symptomatic
IS17,IS28,0.952631579,1.73E-06,Symptomatic
IA45,IS48,0.95256157,1.75E-06,Symptomatic
IA20,IS9,0.952320602,1.79E-06,Symptomatic
IA44,IS9,0.952225813,1.81E-06,Symptomatic
IA39,IS10,0.952116225,1.83E-06,Symptomatic
C11,IS7,0.951048951,2.04E-06,Symptomatic
C11,IS14,0.951048951,2.04E-06,Symptomatic
C1,IS15,0.951048951,2.04E-06,Symptomatic
IA1,IS15,0.951048951,2.04E-06,Symptomatic
IS11,IS15,0.951048951,2.04E-06,Symptomatic
IA30,IS23,0.951048951,2.04E-06,Symptomatic
IA41,IS14,0.950883046,2.07E-06,Symptomatic
IA21,IS34,0.950883046,2.07E-06,Symptomatic
C3,IS28,0.950877193,2.07E-06,Symptomatic
IA19,IS33,0.950877193,2.07E-06,Symptomatic
IA37,IS33,0.95079233,2.09E-06,Symptomatic
IA46,IS50,0.950727801,2.11E-06,Symptomatic
IA45,IS32,0.950618762,2.13E-06,Symptomatic
IA46,IS6,0.95053597,2.15E-06,Symptomatic
IA46,IS34,0.95053597,2.15E-06,Symptomatic
IS6,IS31,0.950096954,2.24E-06,Symptomatic
IA24,IS12,0.949213365,2.44E-06,Symptomatic
C12,IS14,0.949213365,2.44E-06,Symptomatic
IA4,IS15,0.949213365,2.44E-06,Symptomatic
IA30,IS38,0.949046583,2.48E-06,Symptomatic
IS17,IS32,0.949034858,2.49E-06,Symptomatic
IA19,IS34,0.949034858,2.49E-06,Symptomatic
IS9,IS50,0.948890511,2.52E-06,Symptomatic
IS9,IS47,0.948890511,2.52E-06,Symptomatic
IS31,IS33,0.948428652,2.63E-06,Symptomatic
IS31,IS38,0.948195992,2.69E-06,Symptomatic
IS6,IS15,0.947374253,2.91E-06,Symptomatic
IS50,IS34,0.947374253,2.91E-06,Symptomatic
IA40,IS28,0.94718897,2.96E-06,Symptomatic
IS10,IS38,0.94718897,2.96E-06,Symptomatic
IA40,IS32,0.94709142,2.99E-06,Symptomatic
IS9,IS38,0.946814464,3.06E-06,Symptomatic
IS12,IS31,0.946769108,3.08E-06,Symptomatic
IA44,IS31,0.946525161,3.15E-06,Symptomatic
IA24,IS7,0.945710732,3.39E-06,Symptomatic
IA21,IS10,0.945710732,3.39E-06,Symptomatic
IA24,IS15,0.945710732,3.39E-06,Symptomatic
IS15,IS17,0.945710732,3.39E-06,Symptomatic
IA25,IS50,0.945710732,3.39E-06,Symptomatic
IA27,IS28,0.945710732,3.39E-06,Symptomatic
IA40,IS15,0.945531596,3.44E-06,Symptomatic
IA35,IS6,0.945519914,3.45E-06,Symptomatic
IA24,IS34,0.945519914,3.45E-06,Symptomatic
IS17,IS38,0.945428396,3.48E-06,Symptomatic
IA42,IS17,0.944300239,3.84E-06,Symptomatic
IA21,IS7,0.944055944,3.93E-06,Symptomatic
IA30,IS7,0.944055944,3.93E-06,Symptomatic
IA21,IS12,0.944055944,3.93E-06,Symptomatic
IA21,IS13,0.944055944,3.93E-06,Symptomatic
IS13,IS15,0.944055944,3.93E-06,Symptomatic
IA21,IS23,0.944055944,3.93E-06,Symptomatic
IS15,IS23,0.944055944,3.93E-06,Symptomatic
IA30,IS47,0.944055944,3.93E-06,Symptomatic
IA30,IS48,0.944055944,3.93E-06,Symptomatic
IS6,IS11,0.943865459,3.99E-06,Symptomatic
IS6,IS50,0.943865459,3.99E-06,Symptomatic
IS12,IS32,0.943865459,3.99E-06,Symptomatic
IA25,IS10,0.943859649,4.00E-06,Symptomatic
IA4,IS33,0.943859649,4.00E-06,Symptomatic
IA18,IS31,0.943740211,4.04E-06,Symptomatic
IA39,IS50,0.943357317,4.17E-06,Symptomatic
IA42,IS50,0.942647919,4.44E-06,Symptomatic
IA19,IS47,0.9422081,4.61E-06,Symptomatic
IA45,IS13,0.942016608,4.68E-06,Symptomatic
IS23,IS38,0.942016608,4.68E-06,Symptomatic
IA45,IS47,0.942016608,4.68E-06,Symptomatic
IA37,IS10,0.94200497,4.69E-06,Symptomatic
IA37,IS12,0.940356666,5.38E-06,Symptomatic
IA21,IS32,0.940356666,5.38E-06,Symptomatic
IA25,IS36,0.940350877,5.38E-06,Symptomatic
IA37,IS38,0.940036735,5.52E-06,Symptomatic
IA46,IS32,0.939935197,5.56E-06,Symptomatic
IA41,IS9,0.939836257,5.61E-06,Symptomatic
IS31,IS47,0.939650543,5.69E-06,Symptomatic
IA18,IS32,0.93929885,5.86E-06,Symptomatic
IA46,IS31,0.939122393,5.94E-06,Symptomatic
IS10,IS11,0.938705468,6.14E-06,Symptomatic
IA4,IS12,0.938705468,6.14E-06,Symptomatic
IS23,IS28,0.938705468,6.14E-06,Symptomatic
IS36,IS48,0.938705468,6.14E-06,Symptomatic
IA4,IS17,0.938596491,6.20E-06,Symptomatic
IA24,IS17,0.938596491,6.20E-06,Symptomatic
IA45,IS50,0.938501621,6.24E-06,Symptomatic
IS34,IS36,0.938490026,6.25E-06,Symptomatic
IA18,IS9,0.937104926,6.97E-06,Symptomatic
IA27,IS15,0.937062937,6.99E-06,Symptomatic
IA43,IS15,0.937062937,6.99E-06,Symptomatic
IA21,IS50,0.937062937,6.99E-06,Symptomatic
IA30,IS50,0.937062937,6.99E-06,Symptomatic
IA21,IS48,0.937062937,6.99E-06,Symptomatic
IS6,IS14,0.936847872,7.11E-06,Symptomatic
IS32,IS47,0.936847872,7.11E-06,Symptomatic
IA24,IS28,0.936842105,7.11E-06,Symptomatic
IA20,IS36,0.936842105,7.11E-06,Symptomatic
IS33,IS36,0.936842105,7.11E-06,Symptomatic
IA20,IS32,0.936732554,7.17E-06,Symptomatic
IA41,IS38,0.936509393,7.30E-06,Symptomatic
IA39,IS12,0.936264404,7.44E-06,Symptomatic
IA39,IS47,0.936264404,7.44E-06,Symptomatic
IA20,IS31,0.935949328,7.62E-06,Symptomatic
IA19,IS12,0.935202835,8.06E-06,Symptomatic
IS50,IS36,0.935202835,8.06E-06,Symptomatic
C3,IS10,0.935087719,8.13E-06,Symptomatic
IA35,IS10,0.935087719,8.13E-06,Symptomatic
IS28,IS33,0.935087719,8.13E-06,Symptomatic
IA45,IS7,0.934986634,8.20E-06,Symptomatic
IA21,IS38,0.934986634,8.20E-06,Symptomatic
IA44,IS34,0.934859155,8.28E-06,Symptomatic
IA45,IS9,0.934403038,8.56E-06,Symptomatic
IA18,IS11,0.934225953,8.68E-06,Symptomatic
IA45,IS31,0.933883599,8.90E-06,Symptomatic
IA41,IS13,0.933339079,9.26E-06,Symptomatic
IA44,IS48,0.933339079,9.26E-06,Symptomatic
IA35,IS17,0.933333333,9.27E-06,Symptomatic
IS31,IS36,0.932383807,9.93E-06,Symptomatic
IA41,IS31,0.932237988,1.00E-05,Symptomatic
IS10,IS14,0.931700203,1.04E-05,Symptomatic
C12,IS15,0.931700203,1.04E-05,Symptomatic
IA22,IS36,0.931700203,1.04E-05,Symptomatic
IS12,IS36,0.931700203,1.04E-05,Symptomatic
IA24,IS47,0.931700203,1.04E-05,Symptomatic
IA37,IS28,0.931460138,1.06E-05,Symptomatic
IA24,IS38,0.931343802,1.07E-05,Symptomatic
IS9,IS10,0.931118659,1.09E-05,Symptomatic
IS15,IS34,0.929830285,1.19E-05,Symptomatic
IA19,IS32,0.929702666,1.20E-05,Symptomatic
IS28,IS34,0.929702666,1.20E-05,Symptomatic
IS6,IS36,0.929702666,1.20E-05,Symptomatic
IA45,IS36,0.929583227,1.21E-05,Symptomatic
IA37,IS34,0.929577465,1.21E-05,Symptomatic
IA21,IS31,0.928972696,1.26E-05,Symptomatic
IA18,IS28,0.928719514,1.28E-05,Symptomatic
C3,IS15,0.928197571,1.33E-05,Symptomatic
IS11,IS17,0.928197571,1.33E-05,Symptomatic
IS12,IS28,0.928197571,1.33E-05,Symptomatic
IS11,IS33,0.928197571,1.33E-05,Symptomatic
IA42,IS11,0.928145643,1.34E-05,Symptomatic
IA42,IS12,0.928145643,1.34E-05,Symptomatic
IA42,IS13,0.928145643,1.34E-05,Symptomatic
IA42,IS23,0.928145643,1.34E-05,Symptomatic
IS10,IS28,0.928070175,1.34E-05,Symptomatic
IS50,IS38,0.927956659,1.35E-05,Symptomatic
IA44,IS38,0.927691037,1.38E-05,Symptomatic
IA40,IS38,0.927561837,1.39E-05,Symptomatic
IA18,IS14,0.927094457,1.43E-05,Symptomatic
IA37,IS7,0.926321492,1.51E-05,Symptomatic
IA41,IS7,0.926321492,1.51E-05,Symptomatic
IS50,IS32,0.926321492,1.51E-05,Symptomatic
IA35,IS33,0.926315789,1.51E-05,Symptomatic
IA3,IS6,0.926056338,1.54E-05,Symptomatic
IA44,IS6,0.926056338,1.54E-05,Symptomatic
IS10,IS15,0.924694938,1.68E-05,Symptomatic
C11,IS28,0.924694938,1.68E-05,Symptomatic
IS28,IS32,0.92443025,1.71E-05,Symptomatic
IA44,IS33,0.92443025,1.71E-05,Symptomatic
IS32,IS36,0.92443025,1.71E-05,Symptomatic
IA39,IS17,0.923694845,1.79E-05,Symptomatic
IA18,IS15,0.923528709,1.81E-05,Symptomatic
IS11,IS12,0.923076923,1.86E-05,Symptomatic
IA43,IS6,0.922812698,1.89E-05,Symptomatic
IA30,IS32,0.922812698,1.89E-05,Symptomatic
IA19,IS10,0.922807018,1.89E-05,Symptomatic
IS10,IS36,0.922807018,1.89E-05,Symptomatic
IA46,IS15,0.922558088,1.92E-05,Symptomatic
IA41,IS32,0.922535211,1.93E-05,Symptomatic
IA35,IS12,0.921192306,2.09E-05,Symptomatic
IS14,IS17,0.921192306,2.09E-05,Symptomatic
IA24,IS23,0.921192306,2.09E-05,Symptomatic
IS14,IS33,0.921192306,2.09E-05,Symptomatic
IS15,IS33,0.921192306,2.09E-05,Symptomatic
IA4,IS34,0.920915306,2.13E-05,Symptomatic
IA42,IS7,0.920894505,2.13E-05,Symptomatic
IA42,IS14,0.920894505,2.13E-05,Symptomatic
IA42,IS15,0.920894505,2.13E-05,Symptomatic
IA21,IS9,0.920670718,2.16E-05,Symptomatic
IA46,IS38,0.920355424,2.21E-05,Symptomatic
IA39,IS33,0.920142173,2.23E-05,Symptomatic
IS10,IS31,0.918121722,2.52E-05,Symptomatic
C5,IS10,0.917689674,2.59E-05,Symptomatic
IA20,IS11,0.917689674,2.59E-05,Symptomatic
IA25,IS15,0.917689674,2.59E-05,Symptomatic
IA21,IS36,0.917689674,2.59E-05,Symptomatic
IA30,IS36,0.917689674,2.59E-05,Symptomatic
IS28,IS48,0.917689674,2.59E-05,Symptomatic
C3,IS17,0.91754386,2.61E-05,Symptomatic
IA20,IS28,0.91754386,2.61E-05,Symptomatic
IA37,IS17,0.917400362,2.63E-05,Symptomatic
IA30,IS9,0.917143244,2.67E-05,Symptomatic
IA27,IS11,0.916083916,2.84E-05,Symptomatic
IS12,IS14,0.916083916,2.84E-05,Symptomatic
IA22,IS15,0.916083916,2.84E-05,Symptomatic
IS12,IS15,0.916083916,2.84E-05,Symptomatic
IA21,IS47,0.916083916,2.84E-05,Symptomatic
IA44,IS12,0.915795111,2.89E-05,Symptomatic
IA37,IS47,0.915795111,2.89E-05,Symptomatic
IA42,IS28,0.915244847,2.98E-05,Symptomatic
IA42,IS33,0.915244847,2.98E-05,Symptomatic
IS9,IS28,0.915217202,2.99E-05,Symptomatic
IA39,IS48,0.914985668,3.03E-05,Symptomatic
C11,IS10,0.914187041,3.17E-05,Symptomatic
IA19,IS11,0.914187041,3.17E-05,Symptomatic
IS10,IS13,0.914187041,3.17E-05,Symptomatic
C5,IS17,0.914187041,3.17E-05,Symptomatic
IA27,IS36,0.914187041,3.17E-05,Symptomatic
IA19,IS48,0.914187041,3.17E-05,Symptomatic
IA3,IS17,0.913885418,3.22E-05,Symptomatic
IS28,IS31,0.91277344,3.43E-05,Symptomatic
IA2,IS6,0.912286318,3.52E-05,Symptomatic
IA29,IS6,0.912286318,3.52E-05,Symptomatic
IS6,IS13,0.912286318,3.52E-05,Symptomatic
IA44,IS23,0.912286318,3.52E-05,Symptomatic
IS15,IS32,0.912286318,3.52E-05,Symptomatic
IS14,IS34,0.912286318,3.52E-05,Symptomatic
C3,IS6,0.912127946,3.55E-05,Symptomatic
IA30,IS31,0.911176285,3.75E-05,Symptomatic
IA20,IS14,0.910684409,3.85E-05,Symptomatic
IA20,IS15,0.910684409,3.85E-05,Symptomatic
IA22,IS28,0.910684409,3.85E-05,Symptomatic
IS50,IS28,0.910684409,3.85E-05,Symptomatic
IA25,IS28,0.910526316,3.88E-05,Symptomatic
IA40,IS11,0.910381722,3.91E-05,Symptomatic
IA46,IS28,0.910065649,3.98E-05,Symptomatic
IA27,IS14,0.909090909,4.19E-05,Symptomatic
C11,IS15,0.909090909,4.19E-05,Symptomatic
IS15,IS50,0.909090909,4.19E-05,Symptomatic
IS15,IS48,0.909090909,4.19E-05,Symptomatic
IS17,IS36,0.90877193,4.26E-05,Symptomatic
IA44,IS17,0.908613003,4.30E-05,Symptomatic
IS10,IS32,0.908613003,4.30E-05,Symptomatic
IA41,IS36,0.908613003,4.30E-05,Symptomatic
IA1,IS10,0.907181776,4.63E-05,Symptomatic
C3,IS12,0.907181776,4.63E-05,Symptomatic
IA19,IS14,0.907181776,4.63E-05,Symptomatic
IA4,IS23,0.907181776,4.63E-05,Symptomatic
IA24,IS48,0.907181776,4.63E-05,Symptomatic
IA19,IS17,0.907017544,4.67E-05,Symptomatic
IA24,IS36,0.907017544,4.67E-05,Symptomatic
IA5,IS6,0.906855531,4.71E-05,Symptomatic
IA35,IS34,0.906855531,4.71E-05,Symptomatic
IA4,IS38,0.906695762,4.75E-05,Symptomatic
IA42,IS47,0.90639223,4.83E-05,Symptomatic
IA42,IS48,0.90639223,4.83E-05,Symptomatic
IS9,IS36,0.906383059,4.83E-05,Symptomatic
IA18,IS13,0.90569997,5.00E-05,Symptomatic
C1,IS6,0.905268731,5.12E-05,Symptomatic
IA1,IS6,0.905268731,5.12E-05,Symptomatic
IS6,IS7,0.905268731,5.12E-05,Symptomatic
IA37,IS15,0.905268731,5.12E-05,Symptomatic
IS11,IS34,0.905268731,5.12E-05,Symptomatic
C3,IS33,0.905263158,5.12E-05,Symptomatic
IA2,IS10,0.903679144,5.54E-05,Symptomatic
IA29,IS10,0.903679144,5.54E-05,Symptomatic
IA2,IS17,0.903679144,5.54E-05,Symptomatic
IA29,IS17,0.903679144,5.54E-05,Symptomatic
IA24,IS50,0.903679144,5.54E-05,Symptomatic
IA35,IS23,0.903679144,5.54E-05,Symptomatic
IS23,IS36,0.903679144,5.54E-05,Symptomatic
IA5,IS10,0.903508772,5.59E-05,Symptomatic
IA40,IS14,0.903351747,5.64E-05,Symptomatic
IA3,IS10,0.903340587,5.64E-05,Symptomatic
IA42,IS6,0.902301527,5.94E-05,Symptomatic
C7,IS13,0.902097902,6.00E-05,Symptomatic
C5,IS6,0.901759937,6.10E-05,Symptomatic
IA4,IS50,0.900176512,6.59E-05,Symptomatic
IA19,IS23,0.900176512,6.59E-05,Symptomatic
IS9,IS15,0.899505874,6.80E-05,Symptomatic
IA44,IS47,0.898251143,7.22E-05,Symptomatic
IA19,IS28,0.898245614,7.23E-05,Symptomatic
IA3,IS33,0.898068171,7.29E-05,Symptomatic
IS15,IS31,0.896939155,7.68E-05,Symptomatic
IA19,IS31,0.896728594,7.76E-05,Symptomatic
C1,IS10,0.896673879,7.78E-05,Symptomatic
IS7,IS10,0.896673879,7.78E-05,Symptomatic
C1,IS17,0.896673879,7.78E-05,Symptomatic
IS7,IS17,0.896673879,7.78E-05,Symptomatic
IS13,IS17,0.896673879,7.78E-05,Symptomatic
IA4,IS47,0.896673879,7.78E-05,Symptomatic
IA4,IS48,0.896673879,7.78E-05,Symptomatic
IA37,IS36,0.896310699,7.91E-05,Symptomatic
IA39,IS36,0.895273465,8.30E-05,Symptomatic
C7,IS11,0.895104895,8.37E-05,Symptomatic
IS11,IS23,0.895104895,8.37E-05,Symptomatic
IA5,IS17,0.894736842,8.51E-05,Symptomatic
IA19,IS9,0.894015259,8.79E-05,Symptomatic
IA39,IS23,0.893706931,8.92E-05,Symptomatic
IA43,IS17,0.893171247,9.14E-05,Symptomatic
IA35,IS50,0.893171247,9.14E-05,Symptomatic
IA43,IS33,0.893171247,9.14E-05,Symptomatic
IS13,IS33,0.893171247,9.14E-05,Symptomatic
IA3,IS12,0.891233556,9.96E-05,Symptomatic
IA3,IS23,0.891233556,9.96E-05,Symptomatic
IA37,IS23,0.891233556,9.96E-05,Symptomatic
IA37,IS48,0.891233556,9.96E-05,Symptomatic
C12,IS6,0.891038283,0.000100479,Symptomatic
IS28,IS38,0.890850593,0.000101314,Symptomatic
IA19,IS13,0.889668615,0.0001067,Symptomatic
C11,IS17,0.889668615,0.0001067,Symptomatic
IA1,IS17,0.889668615,0.0001067,Symptomatic
IA40,IS7,0.889291798,0.000108464,Symptomatic
IA40,IS36,0.889090019,0.000109417,Symptomatic
C5,IS12,0.888111888,0.000114134,Symptomatic
C4,IS13,0.888111888,0.000114134,Symptomatic
C6,IS13,0.888111888,0.000114134,Symptomatic
IS12,IS13,0.888111888,0.000114134,Symptomatic
IS11,IS50,0.888111888,0.000114134,Symptomatic
C5,IS23,0.888111888,0.000114134,Symptomatic
IS14,IS23,0.888111888,0.000114134,Symptomatic
IA18,IS7,0.88787123,0.000115318,Symptomatic
IA39,IS38,0.887735794,0.000115989,Symptomatic
IA39,IS34,0.886171501,0.00012396,Symptomatic
IA20,IS13,0.886165982,0.000123989,Symptomatic
C3,IS50,0.886165982,0.000123989,Symptomatic
C5,IS33,0.886165982,0.000123989,Symptomatic
IA1,IS33,0.886165982,0.000123989,Symptomatic
IA2,IS33,0.886165982,0.000123989,Symptomatic
IA29,IS33,0.886165982,0.000123989,Symptomatic
IA35,IS48,0.886165982,0.000123989,Symptomatic
IS11,IS38,0.885776811,0.000126037,Symptomatic
IA43,IS34,0.884215969,0.000134521,Symptomatic
IA5,IS33,0.884210526,0.000134551,Symptomatic
IA42,IS34,0.884109964,0.000135113,Symptomatic
IA3,IS34,0.883802817,0.00013684,Symptomatic
IA19,IS15,0.88266335,0.000143397,Symptomatic
C3,IS23,0.88266335,0.000143397,Symptomatic
IA39,IS6,0.882612579,0.000143695,Symptomatic
IA40,IS13,0.882261823,0.000145765,Symptomatic
IA37,IS32,0.882042254,0.000147073,Symptomatic
IA46,IS36,0.881846559,0.000148246,Symptomatic
IA27,IS7,0.881118881,0.000152674,Symptomatic
C4,IS11,0.881118881,0.000152674,Symptomatic
C6,IS11,0.881118881,0.000152674,Symptomatic
IA1,IS12,0.881118881,0.000152674,Symptomatic
IA2,IS12,0.881118881,0.000152674,Symptomatic
IA29,IS12,0.881118881,0.000152674,Symptomatic
IA43,IS12,0.881118881,0.000152674,Symptomatic
IA27,IS13,0.881118881,0.000152674,Symptomatic
IA22,IS14,0.881118881,0.000152674,Symptomatic
C5,IS50,0.881118881,0.000152674,Symptomatic
C11,IS50,0.881118881,0.000152674,Symptomatic
IS14,IS50,0.881118881,0.000152674,Symptomatic
IA2,IS23,0.881118881,0.000152674,Symptomatic
IA29,IS23,0.881118881,0.000152674,Symptomatic
IS11,IS48,0.881118881,0.000152674,Symptomatic
IA39,IS31,0.880872166,0.000154198,Symptomatic
IA24,IS32,0.880493451,0.000156562,Symptomatic
IA35,IS38,0.880287147,0.000157861,Symptomatic
IA5,IS12,0.879160718,0.000165104,Symptomatic
IA19,IS50,0.879160718,0.000165104,Symptomatic
C1,IS33,0.879160718,0.000165104,Symptomatic
IS7,IS33,0.879160718,0.000165104,Symptomatic
IS14,IS38,0.878746836,0.000167829,Symptomatic
IA42,IS9,0.877843835,0.000173898,Symptomatic
IA43,IS32,0.877198382,0.000178339,Symptomatic
IA44,IS28,0.876978507,0.000179873,Symptomatic
IA43,IS10,0.875658085,0.000189298,Symptomatic
C7,IS28,0.875658085,0.000189298,Symptomatic
IS28,IS47,0.875658085,0.000189298,Symptomatic
IS15,IS38,0.875231849,0.000192421,Symptomatic
IA4,IS32,0.875221035,0.000192501,Symptomatic
IA5,IS34,0.875221035,0.000192501,Symptomatic
IA42,IS31,0.874687634,0.000196467,Symptomatic
IA22,IS11,0.874125874,0.000200713,Symptomatic
C1,IS12,0.874125874,0.000200713,Symptomatic
C11,IS12,0.874125874,0.000200713,Symptomatic
IS7,IS12,0.874125874,0.000200713,Symptomatic
C2,IS13,0.874125874,0.000200713,Symptomatic
C10,IS13,0.874125874,0.000200713,Symptomatic
C1,IS23,0.874125874,0.000200713,Symptomatic
IS7,IS23,0.874125874,0.000200713,Symptomatic
IS11,IS47,0.874125874,0.000200713,Symptomatic
IS15,IS47,0.874125874,0.000200713,Symptomatic
IS14,IS48,0.874125874,0.000200713,Symptomatic
C11,IS6,0.873689589,0.00020406,Symptomatic
IA1,IS34,0.873689589,0.00020406,Symptomatic
IS7,IS34,0.873689589,0.00020406,Symptomatic
IA4,IS36,0.873684211,0.000204101,Symptomatic
IA35,IS32,0.873463563,0.000205811,Symptomatic
IA39,IS11,0.872428195,0.000213981,Symptomatic
IA39,IS9,0.869422181,0.000239145,Symptomatic
IA4,IS9,0.869279659,0.000240393,Symptomatic
IA20,IS7,0.868652821,0.000245942,Symptomatic
IA5,IS23,0.868652821,0.000245942,Symptomatic
C11,IS33,0.868652821,0.000245942,Symptomatic
IA35,IS47,0.868652821,0.000245942,Symptomatic
C12,IS17,0.868421053,0.000248019,Symptomatic
IA4,IS31,0.868204424,0.000249972,Symptomatic
IA35,IS31,0.868204424,0.000249972,Symptomatic
IA3,IS32,0.867957746,0.000252211,Symptomatic
IA24,IS9,0.86751283,0.000256289,Symptomatic
IA35,IS9,0.86751283,0.000256289,Symptomatic
C7,IS7,0.867132867,0.000259812,Symptomatic
C2,IS11,0.867132867,0.000259812,Symptomatic
C10,IS11,0.867132867,0.000259812,Symptomatic
IA43,IS23,0.867132867,0.000259812,Symptomatic
IS13,IS23,0.867132867,0.000259812,Symptomatic
IS14,IS47,0.867132867,0.000259812,Symptomatic
IA3,IS50,0.866672002,0.000264135,Symptomatic
IA37,IS50,0.866672002,0.000264135,Symptomatic
IA2,IS34,0.866672002,0.000264135,Symptomatic
IA29,IS34,0.866672002,0.000264135,Symptomatic
IS13,IS34,0.866672002,0.000264135,Symptomatic
IA44,IS10,0.866433676,0.000266393,Symptomatic
C3,IS34,0.866433676,0.000266393,Symptomatic
IA46,IS11,0.866218663,0.000268443,Symptomatic
IA37,IS9,0.865498926,0.000275394,Symptomatic
IA39,IS14,0.865335283,0.000276994,Symptomatic
IA44,IS50,0.863163208,0.000298922,Symptomatic
IS11,IS32,0.863163208,0.000298922,Symptomatic
IA3,IS48,0.863163208,0.000298922,Symptomatic
IA24,IS31,0.862856142,0.000302128,Symptomatic
IA19,IS7,0.861647556,0.000315007,Symptomatic
IA25,IS11,0.861647556,0.000315007,Symptomatic
C3,IS48,0.861647556,0.000315007,Symptomatic
IA2,IS50,0.86013986,0.000331668,Symptomatic
IA29,IS50,0.86013986,0.000331668,Symptomatic
IA1,IS23,0.86013986,0.000331668,Symptomatic
C5,IS34,0.859654415,0.000337176,Symptomatic
IA46,IS14,0.859176235,0.000342671,Symptomatic
IA3,IS9,0.858419181,0.000351513,Symptomatic
C3,IS47,0.858144924,0.000354759,Symptomatic
C12,IS33,0.857894737,0.000357741,Symptomatic
IA43,IS31,0.857787049,0.00035903,Symptomatic
IS11,IS31,0.857787049,0.00035903,Symptomatic
IA43,IS38,0.857656912,0.000360593,Symptomatic
IA3,IS31,0.857230334,0.000365754,Symptomatic
IA37,IS31,0.857230334,0.000365754,Symptomatic
IA43,IS9,0.857176186,0.000366413,Symptomatic
IS9,IS11,0.857176186,0.000366413,Symptomatic
IA42,IS38,0.856512738,0.000374565,Symptomatic
IS14,IS32,0.856145621,0.000379136,Symptomatic
C12,IS10,0.856140351,0.000379202,Symptomatic
IA44,IS36,0.855888844,0.000382358,Symptomatic
IA25,IS14,0.854642291,0.000398308,Symptomatic
IA42,IS36,0.853502139,0.000413344,Symptomatic
C7,IS14,0.853146853,0.000418118,Symptomatic
C1,IS50,0.853146853,0.000418118,Symptomatic
IS7,IS50,0.853146853,0.000418118,Symptomatic
IS13,IS50,0.853146853,0.000418118,Symptomatic
C11,IS23,0.853146853,0.000418118,Symptomatic
C5,IS48,0.853146853,0.000418118,Symptomatic
IA43,IS48,0.853146853,0.000418118,Symptomatic
C1,IS34,0.852636828,0.000425046,Symptomatic
IA46,IS7,0.852133806,0.000431967,Symptomatic
IA39,IS13,0.851149459,0.000445762,Symptomatic
IA5,IS50,0.851139659,0.000445901,Symptomatic
IS11,IS36,0.851139659,0.000445901,Symptomatic
IS14,IS31,0.850668484,0.000452626,Symptomatic
IA3,IS38,0.848325834,0.000487239,Symptomatic
C4,IS10,0.847637027,0.000497797,Symptomatic
C6,IS10,0.847637027,0.000497797,Symptomatic
C7,IS10,0.847637027,0.000497797,Symptomatic
C12,IS12,0.847637027,0.000497797,Symptomatic
C12,IS23,0.847637027,0.000497797,Symptomatic
IS13,IS38,0.84711195,0.000505964,Symptomatic
C3,IS38,0.846836236,0.000510294,Symptomatic
C3,IS9,0.846310887,0.000518623,Symptomatic
C4,IS7,0.846153846,0.000521134,Symptomatic
C6,IS7,0.846153846,0.000521134,Symptomatic
IA22,IS7,0.846153846,0.000521134,Symptomatic
C4,IS14,0.846153846,0.000521134,Symptomatic
C6,IS14,0.846153846,0.000521134,Symptomatic
IA1,IS50,0.846153846,0.000521134,Symptomatic
IA2,IS48,0.846153846,0.000521134,Symptomatic
IA29,IS48,0.846153846,0.000521134,Symptomatic
IS28,IS36,0.845614035,0.000529834,Symptomatic
IA46,IS13,0.845091378,0.000538366,Symptomatic
IS14,IS36,0.844134394,0.000554262,Symptomatic
IA35,IS36,0.843859649,0.000558892,Symptomatic
C1,IS9,0.84306629,0.000572431,Symptomatic
IS9,IS14,0.84306629,0.000572431,Symptomatic
IA44,IS15,0.842110447,0.000589078,Symptomatic
IA2,IS32,0.842110447,0.000589078,Symptomatic
IA29,IS32,0.842110447,0.000589078,Symptomatic
IS15,IS36,0.840631762,0.000615569,Symptomatic
IA42,IS32,0.840450213,0.000618884,Symptomatic
IA1,IS38,0.840081975,0.00062565,Symptomatic
C7,IS15,0.839160839,0.000642826,Symptomatic
IS13,IS47,0.839160839,0.000642826,Symptomatic
C1,IS48,0.839160839,0.000642826,Symptomatic
IS7,IS48,0.839160839,0.000642826,Symptomatic
IS13,IS48,0.839160839,0.000642826,Symptomatic
C12,IS32,0.838314124,0.000658934,Symptomatic
C12,IS34,0.838314124,0.000658934,Symptomatic
C7,IS17,0.83712913,0.000682001,Symptomatic
IA5,IS48,0.83712913,0.000682001,Symptomatic
C5,IS9,0.836011342,0.000704328,Symptomatic
IA2,IS9,0.836011342,0.000704328,Symptomatic
IA29,IS9,0.836011342,0.000704328,Symptomatic
C12,IS9,0.835709916,0.000710444,Symptomatic
C1,IS32,0.83509286,0.000723093,Symptomatic
IS7,IS32,0.83509286,0.000723093,Symptomatic
IA39,IS28,0.834878033,0.000727538,Symptomatic
IA5,IS38,0.834512216,0.000735154,Symptomatic
IA25,IS7,0.833626497,0.000753851,Symptomatic
C2,IS10,0.833626497,0.000753851,Symptomatic
C10,IS10,0.833626497,0.000753851,Symptomatic
C4,IS28,0.833626497,0.000753851,Symptomatic
C6,IS28,0.833626497,0.000753851,Symptomatic
IA2,IS38,0.833052001,0.000766174,Symptomatic
IA29,IS38,0.833052001,0.000766174,Symptomatic
C5,IS31,0.832872073,0.000770065,Symptomatic
IA2,IS31,0.832872073,0.000770065,Symptomatic
IA29,IS31,0.832872073,0.000770065,Symptomatic
IA22,IS13,0.832167832,0.000785442,Symptomatic
IA43,IS50,0.832167832,0.000785442,Symptomatic
C5,IS47,0.832167832,0.000785442,Symptomatic
C11,IS47,0.832167832,0.000785442,Symptomatic
IA1,IS47,0.832167832,0.000785442,Symptomatic
C11,IS48,0.832167832,0.000785442,Symptomatic
IA1,IS48,0.832167832,0.000785442,Symptomatic
IA3,IS47,0.831584066,0.000798367,Symptomatic
C3,IS31,0.830766451,0.000816746,Symptomatic
IA25,IS13,0.830123865,0.000831418,Symptomatic
IA44,IS11,0.828075273,0.000879558,Symptomatic
C11,IS34,0.828075273,0.000879558,Symptomatic
IA5,IS32,0.827769292,0.000886929,Symptomatic
IA5,IS47,0.826621233,0.000915011,Symptomatic
C1,IS38,0.826022026,0.000929938,Symptomatic
IS7,IS38,0.826022026,0.000929938,Symptomatic
C1,IS31,0.825753508,0.000936688,Symptomatic
IS7,IS31,0.825753508,0.000936688,Symptomatic
IA39,IS32,0.825669832,0.000938799,Symptomatic
C2,IS7,0.825174825,0.000951363,Symptomatic
C10,IS7,0.825174825,0.000951363,Symptomatic
C2,IS14,0.825174825,0.000951363,Symptomatic
C10,IS14,0.825174825,0.000951363,Symptomatic
C4,IS50,0.825174825,0.000951363,Symptomatic
C6,IS50,0.825174825,0.000951363,Symptomatic
C7,IS50,0.825174825,0.000951363,Symptomatic
IA2,IS47,0.825174825,0.000951363,Symptomatic
IA29,IS47,0.825174825,0.000951363,Symptomatic
C5,IS32,0.824566479,0.000966981,Symptomatic
IS13,IS32,0.824566479,0.000966981,Symptomatic
C4,IS17,0.8231186,0.001004947,Symptomatic
C6,IS17,0.8231186,0.001004947,Symptomatic
IA39,IS7,0.82277781,0.001014048,Symptomatic
IA39,IS15,0.82277781,0.001014048,Symptomatic
IS7,IS9,0.821901446,0.001037743,Symptomatic
IA44,IS14,0.821057686,0.001060959,Symptomatic
C3,IS36,0.821052632,0.001061099,Symptomatic
C3,IS32,0.820739405,0.001069819,Symptomatic
C2,IS28,0.819615968,0.00110155,Symptomatic
C10,IS28,0.819615968,0.00110155,Symptomatic
C5,IS38,0.818992051,0.001119483,Symptomatic
IS9,IS13,0.818373972,0.001137468,Symptomatic
C12,IS31,0.818287127,0.001140013,Symptomatic
IA5,IS31,0.818287127,0.001140013,Symptomatic
C1,IS47,0.818181818,0.001143105,Symptomatic
IA43,IS47,0.818181818,0.001143105,Symptomatic
IS7,IS47,0.818181818,0.001143105,Symptomatic
IA1,IS32,0.817548892,0.001161824,Symptomatic
IS13,IS36,0.816113336,0.001205154,Symptomatic
C12,IS48,0.816113336,0.001205154,Symptomatic
IS13,IS31,0.815075661,0.001237242,Symptomatic
IA5,IS9,0.814507973,0.001255072,Symptomatic
C12,IS38,0.813385324,0.001290915,Symptomatic
C11,IS36,0.812610703,0.001316101,Symptomatic
C11,IS38,0.811962077,0.00133748,Symptomatic
C11,IS9,0.811319024,0.001358938,Symptomatic
C2,IS17,0.809108071,0.00143474,Symptomatic
C10,IS17,0.809108071,0.00143474,Symptomatic
C12,IS50,0.809108071,0.00143474,Symptomatic
IA1,IS36,0.809108071,0.00143474,Symptomatic
C11,IS31,0.807957096,0.001475465,Symptomatic
IA1,IS31,0.807957096,0.001475465,Symptomatic
IA3,IS36,0.804922157,0.001587112,Symptomatic
IA1,IS9,0.804264076,0.001612154,Symptomatic
C4,IS12,0.804195804,0.001614769,Symptomatic
C6,IS12,0.804195804,0.001614769,Symptomatic
C7,IS12,0.804195804,0.001614769,Symptomatic
C7,IS23,0.804195804,0.001614769,Symptomatic
C7,IS6,0.803513718,0.001641075,Symptomatic
IA5,IS36,0.801754386,0.001710447,Symptomatic
IA2,IS36,0.798600174,0.001840425,Symptomatic
IA29,IS36,0.798600174,0.001840425,Symptomatic
C2,IS50,0.797202797,0.001900368,Symptomatic
C10,IS50,0.797202797,0.001900368,Symptomatic
C7,IS33,0.795097542,0.001993486,Symptomatic
IA43,IS36,0.795097542,0.001993486,Symptomatic
IA44,IS7,0.792987338,0.002090287,Symptomatic
C1,IS36,0.791594909,0.002156104,Symptomatic
C5,IS36,0.791594909,0.002156104,Symptomatic
IS7,IS36,0.791594909,0.002156104,Symptomatic
C2,IS12,0.79020979,0.002223135,Symptomatic
C10,IS12,0.79020979,0.002223135,Symptomatic
C4,IS15,0.79020979,0.002223135,Symptomatic
C6,IS15,0.79020979,0.002223135,Symptomatic
IA44,IS13,0.789478544,0.002259159,Symptomatic
C4,IS33,0.788092277,0.002328675,Symptomatic
C6,IS33,0.788092277,0.002328675,Symptomatic
C12,IS47,0.784589645,0.002511602,Symptomatic
C11,IS32,0.782460957,0.002628008,Symptomatic
C8,IS13,0.776223776,0.002992864,Symptomatic
C4,IS23,0.776223776,0.002992864,Symptomatic
C6,IS23,0.776223776,0.002992864,Symptomatic
C4,IS6,0.77544337,0.003041093,Symptomatic
C6,IS6,0.77544337,0.003041093,Symptomatic
C2,IS33,0.774081748,0.003126656,Symptomatic
C10,IS33,0.774081748,0.003126656,Symptomatic
C8,IS11,0.769230769,0.00344645,Symptomatic
C2,IS15,0.769230769,0.00344645,Symptomatic
C10,IS15,0.769230769,0.00344645,Symptomatic
C7,IS48,0.769230769,0.00344645,Symptomatic
C2,IS23,0.762237762,0.003950449,Symptomatic
C10,IS23,0.762237762,0.003950449,Symptomatic
C4,IS48,0.762237762,0.003950449,Symptomatic
C6,IS48,0.762237762,0.003950449,Symptomatic
C2,IS6,0.761408196,0.004013749,Symptomatic
C10,IS6,0.761408196,0.004013749,Symptomatic
C12,IS36,0.759649123,0.004150515,Symptomatic
C7,IS9,0.758406914,0.004249201,Symptomatic
C4,IS47,0.755244755,0.004508435,Symptomatic
C6,IS47,0.755244755,0.004508435,Symptomatic
C7,IS47,0.748251748,0.005124082,Symptomatic
C4,IS9,0.744297018,0.005499191,Symptomatic
C6,IS9,0.744297018,0.005499191,Symptomatic
C2,IS48,0.741258741,0.00580115,Symptomatic
C10,IS48,0.741258741,0.00580115,Symptomatic
C7,IS31,0.740330731,0.005895822,Symptomatic
C4,IS31,0.736771449,0.006269748,Symptomatic
C6,IS31,0.736771449,0.006269748,Symptomatic
C2,IS47,0.734265734,0.00654349,Symptomatic
C10,IS47,0.734265734,0.00654349,Symptomatic
C7,IS34,0.726320261,0.007471137,Symptomatic
C2,IS9,0.723132174,0.007869784,Symptomatic
C10,IS9,0.723132174,0.007869784,Symptomatic
C8,IS10,0.71803963,0.008539324,Symptomatic
C8,IS28,0.71803963,0.008539324,Symptomatic
C4,IS34,0.71579388,0.008847731,Symptomatic
C6,IS34,0.71579388,0.008847731,Symptomatic
C7,IS38,0.713542431,0.009165193,Symptomatic
C8,IS7,0.713286713,0.00920178,Symptomatic
C8,IS14,0.713286713,0.00920178,Symptomatic
C7,IS32,0.712285086,0.009346139,Symptomatic
C4,IS36,0.711034365,0.009528761,Symptomatic
C6,IS36,0.711034365,0.009528761,Symptomatic
C4,IS38,0.710027444,0.009677708,Symptomatic
C6,IS38,0.710027444,0.009677708,Symptomatic
C7,IS36,0.707531733,0.010054355,Symptomatic
C2,IS31,0.704737908,0.010488823,Symptomatic
C10,IS31,0.704737908,0.010488823,Symptomatic
C8,IS17,0.697023836,0.011760971,Symptomatic
C2,IS34,0.691232325,0.0127887,Symptomatic
C10,IS34,0.691232325,0.0127887,Symptomatic
C2,IS38,0.685422532,0.013884984,Symptomatic
C10,IS38,0.685422532,0.013884984,Symptomatic
C8,IS50,0.685314685,0.013905969,Symptomatic
C4,IS32,0.680705945,0.014824798,Symptomatic
C6,IS32,0.680705945,0.014824798,Symptomatic
C8,IS12,0.678321678,0.015317329,Symptomatic
C2,IS36,0.67250541,0.016569291,Symptomatic
C10,IS36,0.67250541,0.016569291,Symptomatic
C8,IS33,0.661997513,0.019019456,Symptomatic
C2,IS32,0.65614439,0.020493925,Symptomatic
C10,IS32,0.65614439,0.020493925,Symptomatic
C8,IS6,0.649126803,0.022369701,Symptomatic
C8,IS15,0.643356643,0.024003191,Symptomatic
C8,IS23,0.643356643,0.024003191,Symptomatic
C8,IS48,0.629370629,0.028319671,Symptomatic
C8,IS9,0.620835427,0.031213915,Symptomatic
C8,IS47,0.615384615,0.033169901,Symptomatic
C8,IS31,0.601518719,0.0385394,Symptomatic
C8,IS38,0.572942937,0.051507525,Symptomatic
C8,IS34,0.564915758,0.055640822,Symptomatic
C8,IS36,0.556918542,0.059983608,Symptomatic
C9,IS13,0.549913278,0.06397667,Symptomatic
C8,IS32,0.547371791,0.065469732,Symptomatic
C9,IS11,0.528897484,0.07705239,Symptomatic
C9,IS10,0.496491228,0.100612364,Symptomatic
C9,IS28,0.48245614,0.112161592,Symptomatic
C9,IS7,0.479860631,0.114389358,Symptomatic
C9,IS50,0.479860631,0.114389358,Symptomatic
C9,IS17,0.470175439,0.122959515,Symptomatic
C9,IS14,0.458844837,0.133506869,Symptomatic
C9,IS12,0.437829043,0.154586412,Symptomatic
C9,IS23,0.427321146,0.165877273,Symptomatic
C9,IS15,0.416813249,0.177675374,Symptomatic
C9,IS33,0.414035088,0.180879932,Symptomatic
C9,IS6,0.397188663,0.201080307,Symptomatic
C9,IS48,0.395797455,0.202807643,Symptomatic
C9,IS47,0.385289558,0.21614676,Symptomatic
C9,IS9,0.383401801,0.218597925,Symptomatic
C9,IS31,0.361900407,0.247694501,Symptomatic
C9,IS36,0.324561404,0.303345294,Symptomatic
C9,IS38,0.313382224,0.321255743,Symptomatic
C9,IS34,0.298770233,0.345517274,Symptomatic
C9,IS32,0.297012761,0.348499628,Symptomatic
